Body Part,Serial No,Exercise,Tags,Description,Help,Image 1,Image 2,Image 3,Image 4,Image 5,Image 6,Image 7,Image 8,Image 9,Image 10
Chest,1,Barbell Bench Press (Flat),"Chest, Mid Chest, Pectoralis Major, Anterior Deltoid, Triceps","A compound barbell press performed lying on a flat bench, mainly building the mid chest, front shoulders, and triceps.","1. Lie on the bench with eyes under the bar, feet flat on the floor. 2. Grip slightly wider than shoulder width and unrack the bar. 3. Lower it under control to mid-chest. 4. Press back up to full lock-out. Tip: keep shoulder blades pinned back and don't bounce the bar off your chest.",https://weighttraining.guide/wp-content/uploads/2016/05/Barbell-Bench-Press-resized.png,https://cdn.zyloai.app/exercise/images/barbell-flat-bench-press-3.webp,https://i.pinimg.com/originals/73/5d/27/735d27bb7ecffa7f5610ff542fcc2240.jpg,https://cdn.mos.cms.futurecdn.net/pLaRi5jXSHDKu6WRydetBo-1200-80.jpg,https://www.athleticinsight.com/wp-content/uploads/2022/09/Bench-Press-02-1.jpg,https://i.pinimg.com/originals/51/1f/75/511f758a1ef6d337f075b820c4cc49de.gif,https://static.vecteezy.com/system/resources/previews/006/417/708/original/man-doing-smith-machine-barbell-bench-press-flat-illustration-isolated-on-different-layers-free-vector.jpg,https://bodybuilding-wizard.com/wp-content/uploads/2014/03/flat-bench-barbell-press-exercise-3-1.jpg,https://www.eatthis.com/wp-content/uploads/sites/4/2024/02/barbell-bench-press.jpeg?resize=244,https://www.anytimefitness.com/wp-content/uploads/2024/01/AF-HERO_BenchPress.jpg
Chest,2,Cable Chest Press,"Chest, Mid Chest, Pectoralis Major, Anterior Deltoid, Triceps",A cable version of the chest press that keeps constant tension on the pectorals through the whole range of motion.,1. Set both pulleys to chest height and stand in the middle. 2. Grab a handle in each hand and step forward slightly. 3. Press handles forward until arms extend. 4. Return slowly to the start. Tip: keep a slight forward lean and squeeze your chest at full extension instead of just locking the elbows.,https://fitnessvolt.com/wp-content/uploads/2018/04/standing-cable-chest-press-1.jpg,https://liftmanual.com/wp-content/uploads/2023/04/cable-standing-chest-press.jpg,https://cdn.motra.com/exercise-assets/7db3e1c4f9/thumbnailOriginal.jpg,https://liftmanual.com/wp-content/uploads/2023/04/cable-seated-chest-press-1024x538.jpg,https://cdn.athlemove.com/dadb9668-3c2e-4330-ba14-79c6c784a083.webp?width=3840&signature=0a2d22565eee0fb4d1aa85a4ea4cfb7ecd8b4875c43bf875595be61355f7d126,https://i.pinimg.com/736x/1f/7f/b2/1f7fb217490ad41513022a4ada506077.jpg,https://www.bodybuildingmealplan.com/wp-content/uploads/Cable-Chest-Exercises-Lower-Fly-800x533.jpg,https://cdn.athlemove.com/4b16ae61-b8c4-4c3b-81c3-d54729b2cc24.webp?width=3840&signature=9dc79c8a7905eb0f05426f31ad4c6a68f4acbe2b16db36ad158bc62c7fdbbd13,https://i.ytimg.com/vi/jGaaUo1TqJI/maxresdefault.jpg,https://workoutguru.fit/wp-content/uploads/2023/10/cable-standing-chest-press-video-exercise-guide-tips.jpg
Chest,3,Cable Crossover (High-to-Low),"Chest, Lower Chest, Pectoralis Major","A cable fly performed from a high pulley angle downward, emphasizing the lower chest fibers.",1. Set pulleys above head height and grab a handle in each hand. 2. Step forward with a slight forward lean and soft elbow bend. 3. Pull handles down and across in an arc to meet in front of your hips. 4. Return slowly to the start. Tip: keep the arc motion controlled and avoid using momentum or locking the elbows.,https://imagely.mirafit.co.uk/wp/wp-content/uploads/2024/10/Standing-High-to-Low-Flye-Mirafit-Cable-Crossover-1024x683.jpg,https://bodybuilding-wizard.com/wp-content/uploads/2014/12/cable-crossover.jpg,https://i.ytimg.com/vi/bkqrbMblySc/maxresdefault.jpg,https://i.ytimg.com/vi/hhruLxo9yZU/maxresdefault.jpg,https://fitnessvolt.com/wp-content/uploads/2018/04/low-cable-cross-over-1.jpg,https://fitnessvolt.com/wp-content/uploads/2019/05/cable-crossover.jpg,https://fitliferegime.com/wp-content/uploads/2023/06/High-To-Low-Cable-fly.gif,https://sporium.net/wp-content/uploads/2020/11/upper-cable-crossover-.png,https://www.burnthefatinnercircle.com/members/images/2356.jpg,https://liftmanual.com/wp-content/uploads/2023/04/cable-crossover-variation.jpg
Chest,4,Cable Crossover (Low-to-High),"Chest, Upper Chest, Clavicular Head, Pectoralis Major","A cable fly performed from a low pulley angle upward, targeting the upper chest and clavicular head.","1. Set pulleys low and grab a handle in each hand. 2. Step forward with a slight forward lean. 3. Pull handles up and across in an arc to meet above chest height. 4. Return slowly to the start. Tip: drive through the upper chest and keep the movement an arc, not a straight-line press.",https://fitnessvolt.com/wp-content/uploads/2018/04/low-cable-cross-over-1.jpg,https://imagely.mirafit.co.uk/wp/wp-content/uploads/2024/10/Standing-High-to-Low-Flye-Mirafit-Cable-Crossover-1024x683.jpg,https://learn.athleanx.com/wp-content/uploads/2019/07/low-to-high-cable-crossover.png,https://fitnessvolt.com/wp-content/uploads/2018/04/high-cable-cross-over-1.jpg,https://blogger.googleusercontent.com/img/b/R29vZ2xl/AVvXsEgWrWTm5fT83uNx4Gtzy8vPiiwoYRCBFkpYufjVtUDe3kFJ5Z68XbEpoE2TcXh_IA_vxlXTKv81ncoefjPR0sITscjKjWEGGz2y5g0LO2BBaUannmn21hV93yNFcQEpu2VazZZmVYozLst7vzQ1qMnF4scRfZSRF2uu_kw0WkEi2lgoZ6ZBB1-N5QT5fgcE/s1080/image_search_1750213618299.gif,https://app-media.fitbod.me/v2/2113/images/landscape/0_960x540.jpg,https://images.squarespace-cdn.com/content/v1/5ebef943272c1041d83b1d15/1613617643132-5JJOXSZGVUJ8B2W4DLUC/Cable+Crossover.jpg,https://liftmanual.com/wp-content/uploads/2023/04/cable-crossover-variation.jpg,https://i.ytimg.com/vi/GfXObZv7D5c/maxresdefault.jpg,https://fitliferegime.com/wp-content/uploads/2023/06/High-To-Low-Cable-fly.gif
Chest,5,Cable Fly (Mid-Height),"Chest, Mid Chest, Pectoralis Major","A cable fly with pulleys set at chest height, isolating the mid chest through a wide arcing motion.","1. Set both pulleys to chest height and grab a handle in each hand. 2. Step forward with a slight forward lean and soft elbow bend. 3. Bring handles together in front of your chest in an arc. 4. Return slowly, feeling a stretch across the chest. Tip: keep elbows softly bent throughout and don't let the weight pull your arms back too far.",https://liftmanual.com/wp-content/uploads/2023/04/cable-middle-fly.jpg,https://cdn.zyloai.app/exercise/images/cable-middle-fly-1.webp,https://i.ytimg.com/vi/4Y8QgiT2-OA/maxresdefault.jpg,https://cdn.athlemove.com/17f8089a-b548-4744-8783-80465df79e60.webp?width=3840&signature=9bfefacf1b3c0b14a0eb5f0c3b2a065292e9df4a764c7799103b74796c1c3176,https://gym-animations.com/wp-content/uploads/2026/02/Cable-Middle-Fly-1024x683.png,https://pub-7c14918da31d450e8d6787a3c225c277.r2.dev/thumbnails/0227.png,https://weighttraining.guide/wp-content/uploads/2022/12/Standing-high-to-low-cable-fly.png,https://liftmanual.com/wp-content/uploads/2023/04/cable-standing-fly-1024x538.jpg,https://staticg.sportskeeda.com/editor/2023/08/13f33-16909862664255-1920.jpg,https://i.ytimg.com/vi/hhruLxo9yZU/maxresdefault.jpg
Chest,6,Chest Dips,"Chest, Lower Chest, Pectoralis Major, Triceps, Anterior Deltoid","A bodyweight dip leaning forward on parallel bars, heavily loading the lower chest and triceps.","1. Grip the parallel bars and lift yourself up with arms extended. 2. Lean your torso forward and bend your knees. 3. Lower yourself until you feel a stretch in the chest. 4. Press back up to the top. Tip: lean forward to bias the chest, and avoid dropping too deep if you feel shoulder strain.",https://s3assets.skimble.com/assets/2576513/image_iphone.jpg,https://liftmanual.com/wp-content/uploads/2023/04/chest-dip.jpg,https://weighttraining.guide/wp-content/uploads/2021/10/Machine-assisted-chest-dip.png,https://fitnessvolt.com/wp-content/uploads/2021/12/Chest-Dips-vs-Triceps-Dips.jpg,https://img.freepik.com/premium-vector/assisted-chest-dip-men-gym-workout-fitness-aerobic-exercises_476141-2307.jpg?w=2000,https://lifefitindia.com/wp-content/uploads/2025/04/Chest-Dip-Variations.jpg,https://flex-web-media-prod.storage.googleapis.com/2024/11/dips-variations.jpg,https://www.parambodyfitmind.com/wp-content/uploads/2019/04/chest-dips-1.jpg,https://www.bodybuildingmealplan.com/wp-content/uploads/Chest-Dips-vs-Tricep-Dips.jpg,https://www.bodybuildingmealplan.com/wp-content/uploads/Chest-Dips-vs-Tricep-Dips-Muscles-Worked.jpg
Chest,7,Decline Bench Press,"Chest, Lower Chest, Pectoralis Major, Triceps",A barbell or dumbbell press on a decline bench that emphasizes the lower portion of the pectoralis major.,1. Secure your legs and lie back on the decline bench. 2. Grip the bar slightly wider than shoulder width. 3. Lower the bar to your lower chest. 4. Press back up to lock-out. Tip: control the descent since the decline angle can make the bar path feel less stable.,https://fitnessvolt.com/wp-content/uploads/2018/04/decline-barbell-bench-press-1.jpg,https://cdn.athlemove.com/53ef5fc7-45ef-4e2d-a8f7-171d239d85aa.webp?width=3840&signature=3a49148623ea99c11d857bd97e1da0ef76b4951d9b703d0aeccd2a69074774c3,https://workoutguru.fit/wp-content/uploads/2023/10/dumbbell-decline-bench-press-video-exercise-guide-tips.jpg,https://fitnessvolt.com/wp-content/uploads/2019/04/decline-dumbbell-bench-press.jpg,https://www.puregym.com/media/kswjxduh/decline-dumbbell-bench-press.jpg?quality=80,https://cdn.shopify.com/s/files/1/0252/3155/6686/files/How_to_do_Decline_Bench_Press_1.jpg?v=1721223035,https://fitnessvolt.com/wp-content/uploads/2023/10/barbell-decline-bench-press.gif,https://workoutguru.fit/wp-content/uploads/2023/10/barbell-decline-bench-press-video-exercise-guide-tips.jpg,https://www.bullrockfitness.com/wp-content/uploads/2025/02/2_Lancer_Multi_Olympic_Bench.jpg,https://liftmanual.com/wp-content/uploads/2023/04/dumbbell-decline-bench-press.jpg
Chest,8,Deficit Push-Up,"Chest, Mid Chest, Pectoralis Major, Triceps","A push-up performed with hands elevated on blocks or handles, increasing the range of motion for the mid chest and triceps.",1. Place hands on two elevated platforms shoulder-width apart. 2. Get into a straight-body plank position. 3. Lower your chest below hand level for a deep stretch. 4. Push back up to full extension. Tip: keep your core tight so hips don't sag as you go deeper than a standard push-up.,https://img.freepik.com/premium-vector/vector-man-doing-deficit-push-up-bodyweight-fitness-chest-workout-exercise_1005035-133.jpg?w=826,https://powerliftingtechnique.com/wp-content/uploads/2023/02/inner-chest-workout-deficient-push-up-6-1024x640.jpg,https://weighttraining.guide/wp-content/uploads/2021/12/Deep-push-up.png,https://images.squarespace-cdn.com/content/v1/5ebef943272c1041d83b1d15/269e444a-91a7-4fce-998a-23be52b8d411/Deficit+Push+Up.png,https://cdni.iconscout.com/illustration/premium/thumb/man-doing-deficit-push-up-exercise-10357376-8341255.png?f=webp,https://i.ytimg.com/vi/gmNlqsE3Onc/maxresdefault.jpg,https://i.ytimg.com/vi/4kqlnmUL8kE/maxresdefault.jpg,https://images.ctfassets.net/1q5z3k4ftwpz/3hC7JrmEdf1j3VtAyFENoR/2e0e3c50886f6000a960eda9444c7d70/https-welltechdev-wpengine-com-wp-content-uploads-2022-10-deficit-push-up-how-many-pushups-should-you-do-a-day-png,https://4.bp.blogspot.com/-rpuhnjDx41U/Wrbl2QTaqBI/AAAAAAAACDY/f9QDIokKF-YfsEFVXlylm5wKc2g6E1uqACEwYBhgL/w1200-h630-p-k-no-nu/The%2BDeficit%2BPushup.png,https://images.squarespace-cdn.com/content/v1/5f5e8592d2b0854b18af6975/8940882e-e8ed-4269-93ec-a090eb430dae/deficit+push+up.jpg
Chest,9,Dumbbell Bench Press (Flat),"Chest, Mid Chest, Pectoralis Major, Triceps",A flat press using dumbbells that trains the mid chest and triceps while allowing a greater range of motion than a barbell.,"1. Sit on the bench with a dumbbell on each thigh, then lie back kicking them up to chest level. 2. Position dumbbells at chest height, palms forward. 3. Press up until arms are extended. 4. Lower slowly back to chest level. Tip: keep wrists stacked over elbows and avoid letting the dumbbells drift too far apart or together.",https://cdn.shopify.com/s/files/1/0754/7279/8002/files/Flat_Dumbbell_Bench_Press.webp?v=1689933146,https://hips.hearstapps.com/hmg-prod/images/close-grip-bench-1626695039.jpg?resize=980:*,https://www.athleticinsight.com/wp-content/uploads/2022/09/Dumbbell-Bench-Press-01.jpg,https://s1.dmcdn.net/v/eu9sI1gj6xWcwX6ba/x720,https://static.vecteezy.com/system/resources/previews/008/573/022/original/man-doing-dumbbell-flat-bench-press-chest-exercise-flat-illustration-isolated-on-white-background-vector.jpg,https://www.athleticinsight.com/wp-content/uploads/2022/09/Dumbbell-Bench-Press_Step-1.jpg,https://www.anytimefitness.com/wp-content/uploads/2024/03/Dumbbell-Flat-Bench-Press.gif,https://www.eatthis.com/wp-content/uploads/sites/4/2023/03/dumbbell-bench-press-illustration.jpg?resize=640,https://lifefitindia.com/wp-content/uploads/2025/01/Flat-Bench-Dumbbell-Press.jpg,https://cdn5.vectorstock.com/i/1000x1000/59/99/woman-doing-dumbbell-flat-bench-press-exercise-vector-38265999.jpg
Chest,10,Dumbbell Fly,"Chest, Mid Chest, Pectoralis Major","An isolation exercise lying on a bench, arcing dumbbells out and up to stretch and squeeze the mid chest.","1. Lie on a flat bench holding a dumbbell in each hand above your chest, palms facing in. 2. Slightly bend your elbows and keep them fixed. 3. Lower the dumbbells out to the sides in an arc until you feel a chest stretch. 4. Bring them back together above your chest. Tip: keep the elbow bend constant throughout to protect the shoulder joint.",https://weighttraining.guide/wp-content/uploads/2016/11/dumbbell-fly-resized.png,https://www.bodybuildingmealplan.com/wp-content/uploads/Dumbbell-Fly-Muscles-Worked-Image-scaled.jpg,https://liftmanual.com/wp-content/uploads/2023/04/dumbbell-fly-on-exercise-ball.jpg,https://fitliferegime.com/wp-content/uploads/2021/05/Powtoon_Screenshot23.jpg,https://www.bodybuildingmealplan.com/wp-content/uploads/Dumbbell-Fly-YouTube-Cover-1200x675.png,https://liftmanual.com/wp-content/uploads/2023/04/dumbbell-fly.jpg,https://static.vecteezy.com/system/resources/previews/008/056/902/original/man-doing-incline-dumbbell-fly-exercise-flat-illustration-isolated-on-white-background-free-vector.jpg,https://julielohre.com/wp-content/uploads/2023/03/Incline-Dumbell-Fly-Thumbnail.jpg,https://workoutguru.fit/wp-content/uploads/2023/10/hyght-dumbbell-fly-video-exercise-guide-tips-1024x576.jpg,https://i.ytimg.com/vi/bgC53-J-6gA/maxresdefault.jpg
Chest,11,Dumbbell Pullover,"Chest, Lower Chest, Latissimus Dorsi",A lying dumbbell movement that stretches and works the lower chest and lats together.,"1. Lie perpendicular across a bench with only your upper back supported. 2. Hold one dumbbell with both hands above your chest, arms slightly bent. 3. Lower the dumbbell back and behind your head in an arc. 4. Pull it back over your chest to the start. Tip: keep hips low and core braced so you don't arch excessively as the weight moves overhead.",https://weighttraining.guide/wp-content/uploads/2016/06/Dumbbell-Pullover-resized.png,https://wellfitinsider.com/wp-content/uploads/2026/03/What-Is-the-Dumbbell-Pullover-Exercise.jpg,https://www.bodybuildingmealplan.com/wp-content/uploads/Dumbbell-Pullover-Muscles-Worked-scaled.jpg,https://weighttraining.guide/wp-content/uploads/2022/05/Double-dumbbell-pullover.png,https://lifefitindia.com/wp-content/uploads/2025/04/Dumbbell-Pullover-Mistakes.jpg,https://bod-blog-assets.prod.cd.beachbodyondemand.com/bod-blog/wp-content/uploads/2018/04/23143112/dumbbell-pullover-600-demo.jpg,https://i.ytimg.com/vi/5YStMv6m2g8/maxresdefault.jpg,https://s3.amazonaws.com/prod.skimble/assets/1434139/image_iphone.jpg,https://www.barbellmedicine.com/wp-content/uploads/2023/12/Dumbbell-Pullover.jpg,https://i.ytimg.com/vi/CmgP3fDguaM/maxresdefault.jpg
Chest,12,Feet-Elevated Push-Up,"Chest, Upper Chest, Pectoralis Major, Anterior Deltoid, Triceps","A push-up with feet raised on a bench or box, shifting more load onto the upper chest and front shoulders.","1. Place your feet on an elevated surface and hands on the floor slightly wider than shoulders. 2. Form a straight line from shoulders to ankles. 3. Lower your chest toward the floor. 4. Push back up to full extension. Tip: keep hips in line with shoulders, don't let them sag or pike up.",https://www.mensfitness.com/.image/t_share/MjA3ODk2ODQyMzgwMjU3MDI5/feet-elevated-pushup.png,https://cdn-life.dailyburn.com/life/wp-content/uploads/2013/09/10053728/Elevated-Push-Ups.jpeg,https://2.bp.blogspot.com/-Rve8LzTlVK8/T-xmpE2_RgI/AAAAAAAAADo/5KMjKruqd2w/s1600/push+ups.png,https://i.ytimg.com/vi/6ObS3kW3cDU/maxresdefault.jpg,https://www.eatthis.com/wp-content/uploads/sites/4/2023/05/feet-elevated-pushups.jpg?quality=82&strip=all&w=640,https://www.jimstoppani.com/storage/assets/00/99/1399_systemrichrich_filesrich_files000003992largejs-master-class-push-up-feet-elevated-push-up-start-finish.png,https://www.urbasm.com/wp-content/uploads/2013/11/Feet-Elevated-Push-Up.jpg,https://s3assets.skimble.com/assets/2168923/image_iphone.jpg,https://aestheticbeats.com/wp-content/uploads/2020/03/Push-Ups-With-Feet-Elevated-–-Chest-exercise.png,https://hiitacademy.com/wp-content/uploads/2015/02/feet_elevated_push_ups-1024x265.jpg
Chest,13,Floor Press,"Chest, Mid Chest, Pectoralis Major, Triceps","A pressing movement performed lying on the floor, limiting range of motion to protect shoulders while building mid chest and triceps.","1. Lie on the floor with knees bent, holding a barbell or dumbbells above your chest. 2. Lower until your upper arms touch the floor. 3. Pause briefly. 4. Press back up to lock-out. Tip: the floor stops the descent early, so use it to work on lockout strength and avoid shoulder overstretching.",https://cdn2.vectorstock.com/i/1000x1000/17/51/dumbbell-floor-chest-press-exercise-vector-34861751.jpg,https://generationiron.com/wp-content/uploads/2021/09/u83-game-changer-workout-4.jpg,https://homegymreview.co.uk/wp-content/uploads/exercises/36681101-Dumbbell-Lying-on-Floor-Chest-Press_Chest_max-scaled.jpg,https://hips.hearstapps.com/hmg-prod/images/iso-floor-press-1622028451.jpg,https://cdn-ami-drupal.heartyhosting.com/sites/muscleandfitness.com/files/neutral_grip_floor_press_main.jpg,https://i.ytimg.com/vi/OgP3HzeffBQ/maxresdefault.jpg,https://app-media.fitbod.me/v2/107/images/landscape/0_960x540.jpg,https://trainest.com/wp-content/uploads/2024/12/dumbbell-floor-press.webp,https://hips.hearstapps.com/hmg-prod/images/floorpress-1641558824.jpg,https://i.ytimg.com/vi/T0Y3OBF1bNI/maxresdefault.jpg
Chest,14,Incline Barbell Bench Press,"Chest, Upper Chest, Clavicular Head, Anterior Deltoid, Triceps",A barbell press on an inclined bench that shifts emphasis to the upper chest and front shoulders.,1. Set the bench to a 30-45 degree incline and lie back. 2. Grip the bar slightly wider than shoulder width and unrack it. 3. Lower the bar to your upper chest. 4. Press back up to full extension. Tip: avoid setting the incline too steep or the shoulders take over from the chest.,https://weighttraining.guide/wp-content/uploads/2016/11/incline-barbell-bench-press-resized.png,https://homegymreview.co.uk/wp-content/uploads/exercises/11731101-Barbell-Incline-Wide-Reverse-grip-Bench-Press_Chest_max-scaled.jpg,https://hips.hearstapps.com/hmg-prod/images/incline-barbell-bench-press-640731bc88b98.jpg?resize=980:*,https://blogscdn.thehut.net/app/uploads/sites/419/2021/07/shutterstock_68880238opt_hero_1625232204.jpg,https://fitnessvolt.com/wp-content/uploads/2018/05/incline-barbell-bench-press.gif,https://workoutguru.fit/wp-content/uploads/2023/10/barbell-incline-bench-press-video-exercise-guide-tips-1024x576.jpg,https://cdn.athlemove.com/89002f3d-f12b-482c-a622-8803615bd289.webp?width=3840&signature=690374b3c4d0b82f15747c09663894da62101ed98a54f3ab681195aaf05565c9,https://whitecoattrainer.com/wp-content/uploads/2019/03/b86af-incline-bench-press-muscles-used.jpgincline-bench-press-muscles-used.jpg,https://cdn2.vectorstock.com/i/1000x1000/64/96/incline-barbell-bench-press-workout-exercise-vector-37016496.jpg,https://weighttraining.guide/wp-content/uploads/2016/11/incline-dumbbell-bench-press-resized.png
Chest,15,Incline Dumbbell Press,"Chest, Upper Chest, Clavicular Head, Anterior Deltoid, Triceps","A dumbbell press on an incline bench targeting the upper chest, clavicular head, and front shoulders.","1. Set the bench to a 30-45 degree incline and sit with a dumbbell in each hand at shoulder height. 2. Lie back keeping the dumbbells at chest level, palms forward. 3. Press up until arms extend. 4. Lower slowly back to the start. Tip: keep the incline moderate and control the weights instead of letting them drift toward your face.",https://weighttraining.guide/wp-content/uploads/2016/11/incline-dumbbell-bench-press-resized.png,https://www.bodybuildingmealplan.com/wp-content/uploads/Dumbbell-Incline-Bench-Press-scaled.jpg,https://workoutguru.fit/wp-content/uploads/2023/10/dumbbell-incline-bench-press-video-exercise-guide-tips-1536x864.jpg,https://cdn.jefit.com/assets/img/exercises/gifs/31.gif,https://liftmanual.com/wp-content/uploads/2023/04/dumbbell-incline-bench-press.jpg,https://hips.hearstapps.com/hmg-prod/images/dumbbell-press-1618499448.jpg,https://cdn.shopify.com/s/files/1/1497/9682/files/2_2ede191f-4aa5-4b2e-81e7-e16850e948a4.jpg?v=1648826784,https://homegymreview.co.uk/wp-content/uploads/exercises/12141101-Dumbbell-Incline-reverse-grip-30-degrees-bench-press_chest_max-2048x1268.jpg,https://www.fitliferegime.com/wp-content/uploads/2022/09/Incline-Dumbbell-Bench-Press.jpg,https://static.vecteezy.com/system/resources/previews/030/520/575/original/man-doing-reverse-grip-incline-dumbbell-bench-press-exercise-vector.jpg
Chest,16,Knee Push-Up,"Chest, Mid Chest, Pectoralis Major, Triceps","A modified push-up performed from the knees, training the mid chest and triceps with reduced load for beginners.","1. Kneel on a mat with hands slightly wider than shoulders. 2. Keep a straight line from head to knees. 3. Lower your chest toward the floor. 4. Push back up to full extension. Tip: keep hips from sagging so the movement stays a true push-up pattern, not a lower back exercise.",https://as1.ftcdn.net/v2/jpg/03/52/57/24/1000_F_352572484_6GsVKQBD1xTdUpZawUqzjWWQcUguHktD.jpg,https://static.vecteezy.com/system/resources/previews/010/978/438/non_2x/one-knee-push-up-exercise-woman-workout-fitness-aerobic-and-exercises-vector.jpg,https://static.vecteezy.com/system/resources/previews/027/213/849/large_2x/woman-doing-knee-push-up-exercise-flat-illustration-isolated-on-white-background-vector.jpg,https://weighttraining.guide/wp-content/uploads/2017/06/push-up-on-knees-resized.png,https://img.freepik.com/premium-vector/one-knee-push-ups-exercise-woman-workout-fitness-aerobic-exercises_476141-2536.jpg?w=1380,https://www.spotebi.com/wp-content/uploads/2014/10/knee-push-up-exercise-illustration.jpg,https://i.pinimg.com/originals/60/0d/31/600d31483681f596cf3c3e224563f354.jpg,https://cdn.muscleandstrength.com/sites/default/files/knee-push-up.jpg,https://static.vecteezy.com/system/resources/thumbnails/027/439/551/small_2x/woman-doing-knee-push-up-exercise-flat-illustration-isolated-on-white-background-vector.jpg,https://st2.depositphotos.com/30450572/43995/v/1600/depositphotos_439956126-stock-illustration-knee-push-ups-exercise-women.jpg
Chest,17,Lever / Machine Chest Press,"Chest, Mid Chest, Pectoralis Major, Triceps","A guided machine press that trains the mid chest and triceps along a fixed, stable pressing path.","1. Adjust the seat so handles align with mid-chest height. 2. Grip the handles with a neutral or pronated grip. 3. Press forward until arms are extended. 4. Return slowly to the start. Tip: adjust seat height first so the movement mimics a natural bench press path, not an overhead angle.",https://i.pinimg.com/originals/59/21/50/5921509e7e36832878a084a4491f61e2.jpg,https://liftmanual.com/wp-content/uploads/2023/04/lever-chest-press.jpg,https://liftmanual.com/wp-content/uploads/2023/04/lever-incline-chest-press.jpg,https://workoutguru.fit/wp-content/uploads/2023/10/lever-chest-press-version-5-video-exercise-guide-tips.jpg,https://homegymreview.co.uk/wp-content/uploads/exercises/12991101-Leverage-Incline-Chest-Press_Chest_max-scaled.jpg,https://weighttraining.guide/wp-content/uploads/2016/12/machine-chest-press-resized.png,https://workoutguru.fit/wp-content/uploads/2023/10/lever-chest-press-plate-loaded-female-video-exercise-guide-tips.jpg,https://workoutguru.fit/wp-content/uploads/2023/10/lever-one-arm-incline-chest-press-plate-loaded-video-exercise-guide-tips.jpg,https://liftmanual.com/wp-content/uploads/2023/04/machine-inner-chest-press.jpg,https://liftmanual.com/wp-content/uploads/2023/04/lever-decline-chest-press.jpg
Chest,18,Machine Pec Deck / Chest Fly,"Chest, Mid Chest, Pectoralis Major",A machine isolation exercise that brings the arms together in front of the chest to target the mid chest.,"1. Adjust the seat so handles are at chest height. 2. Grip the handles or place forearms on the pads with elbows slightly bent. 3. Bring your arms together in front of your chest. 4. Return slowly to the stretched position. Tip: avoid slamming the pads together, control the squeeze and the stretch equally.",https://cdn.athlemove.com/840b4fb0-4831-4bbf-90f6-57025b4b6302.webp?width=3840&signature=2c2b2e370d0b36061619281b5f2c61f1d94942179518e80cc90022aa5a04941a,https://static.vecteezy.com/system/resources/previews/032/979/934/original/man-doing-machine-bent-arm-chest-fly-exercise-butterflies-pec-deck-seated-machine-flyes-vector.jpg,"https://static.wixstatic.com/media/8fe1c2_ee93074e9b444ce494418aeaa01bb70f~mv2.webp/v1/fill/w_900,h_600,al_c,q_85,enc_avif,quality_auto/8fe1c2_ee93074e9b444ce494418aeaa01bb70f~mv2.webp",https://ddbarbell.com/cdn/shop/products/DPEC-SF_Hero_1024x1024.png?v=1660078386,https://5.imimg.com/data5/SELLER/Default/2026/9/643928956/BM/QS/ZA/274024705/product-jpeg-1000x1000.jpg,https://i.pinimg.com/originals/d3/28/32/d328323fe3aa0e56489a65e9c3b7fb06.jpg,https://bulkandstrength.com/wp-content/uploads/2025/11/Pec-Deck-Fly.png,https://intowellness.in/wp-content/uploads/2024/10/Pec_Fly_Machine.jpg,https://ontrackyou.com/wp-content/uploads/2023/01/pec-deck-fly.webp,https://watsongym.co.uk/wp-content/uploads/2023/03/Pec-Fly-Rear-Delt-2.jpg
Chest,19,Push-Up,"Chest, Mid Chest, Pectoralis Major, Triceps, Core","A classic bodyweight press trained on the floor, working the mid chest, triceps, shoulders, and core.","1. Place hands slightly wider than shoulders, body in a straight plank line. 2. Brace your core and glutes. 3. Lower your chest toward the floor, elbows at about 45 degrees. 4. Push back up to full extension. Tip: keep your body rigid from head to heels, don't let hips sag or pike.",https://rednoice.com/wp-content/uploads/2023/11/Push-ups-4.jpg,https://media1.popsugar-assets.com/files/thumbor/ArsvymzjafH53GPfbjjcCcB3PxI/fit-in/1024x1024/filters:format_auto-!!-:strip_icc-!!-/2014/10/31/677/n/1922729/f5a12f7fbcd52af8_Basic-Push-Up.jpg,https://i.pinimg.com/originals/6c/35/7a/6c357adccc0707565206bf95a40f282a.jpg,https://www.eatthis.com/wp-content/uploads/sites/4/2023/09/man-doing-push-ups.jpg?resize=640,https://redefiningstrength.com/wp-content/uploads/2015/03/how-to-do-a-push-up.jpg,https://i.pinimg.com/originals/fd/95/66/fd956608d95904872c1388312d4b1288.jpg,https://static.vecteezy.com/system/resources/previews/010/978/539/original/push-ups-exercise-woman-workout-fitness-aerobic-and-exercises-vector.jpg,https://cdn.mos.cms.futurecdn.net/oYDbf5hQAePHEBNZTQMXRA.jpg,https://images.squarespace-cdn.com/content/v1/5ebef943272c1041d83b1d15/8ec8e1df-bb5e-4db4-98c0-5b65bfb513b3/Push+Up+Plus.png,https://i.pinimg.com/originals/0a/1c/63/0a1c634d8d5fe595a8fd09ab118718a5.png
Chest,20,Push-Up Plus,"Chest, Serratus Anterior","A push-up variation adding a scapular protraction at the top, emphasizing the serratus anterior.","1. Get into a standard push-up position. 2. Perform a normal push-up down and up. 3. At the top, push your upper back further up, rounding it slightly, spreading the shoulder blades apart. 4. Return to the normal top position and repeat. Tip: keep arms straight during the plus phase, the movement comes from the shoulder blades, not the elbows.",https://images.squarespace-cdn.com/content/v1/5ebef943272c1041d83b1d15/8ec8e1df-bb5e-4db4-98c0-5b65bfb513b3/Push+Up+Plus.png,https://liftmanual.com/wp-content/uploads/2023/04/push-up-plus.jpg,https://physiohunt.com/subject/etc/serratus-anterior/Serratus-anterior-pushup-plus-exercise.jpg,https://images.squarespace-cdn.com/content/v1/5f5e8592d2b0854b18af6975/2927084b-e9e5-4334-bd87-7bf94d1b55b7/Unilateral+Push+Up+Plus.jpg,https://i.ytimg.com/vi/RR5xJ1mXEV4/maxresdefault.jpg,https://cdn.shopify.com/s/files/1/1281/4359/files/E8398_28art.jpg,https://i.ytimg.com/vi/V1r_mBhq6Z8/maxresdefault.jpg,https://liftmanual.com/wp-content/uploads/2023/04/clap-push-up.jpg,https://cdn.zyloai.app/exercise/images/push-up-plus-6.webp,https://liftmanual.com/wp-content/uploads/2023/04/band-push-up.jpg
Chest,21,Smith Machine Bench Press,"Chest, Mid Chest, Pectoralis Major, Anterior Deltoid, Triceps","A guided-bar-path bench press on the Smith machine, building mid chest, front shoulders, and triceps with added stability.","1. Set the bench under the fixed bar path and lie flat. 2. Unhook the bar with a grip slightly wider than shoulders. 3. Lower the bar to mid-chest. 4. Press back up and re-hook when finished. Tip: position the bench so the bar naturally lines up over your mid-chest, since the path is fixed vertically.",https://liftmanual.com/wp-content/uploads/2023/04/smith-bench-press.jpg,https://static.vecteezy.com/system/resources/previews/033/541/008/non_2x/man-doing-smith-machine-bench-press-exercise-vector.jpg,https://cdn.muscleandstrength.com/sites/default/files/smitch-machine-bench-press.jpg,https://liftmanual.com/wp-content/uploads/2023/04/smith-incline-bench-press.jpg,https://static.vecteezy.com/system/resources/previews/033/541/007/original/man-doing-smith-machine-incline-bench-press-exercise-vector.jpg,https://weighttraining.guide/wp-content/uploads/2019/03/Smith-machine-incline-bench-press.png,https://cdn.jefit.com/assets/img/exercises/gifs/1303.gif,https://cdn.jefit.com/assets/img/exercises/gifs/1180.gif,https://viewsfromhere.com/wp-content/uploads/2023/01/smith-machine-bench-presses.jpg,https://thumbs.dreamstime.com/z/exercising-incline-smith-machine-bench-press-bodybuilding-target-muscles-marked-red-initial-final-steps-66935692.jpg
Back,1,Assisted Pull-Up / Chin-Up,"Back, Latissimus Dorsi, Biceps Brachii",A machine or band-assisted vertical pull that builds the lats and biceps while reducing the bodyweight lifted.,"1. Set the assistance level and kneel or stand on the platform/band. 2. Grip the bar with hands shoulder-width or wider. 3. Pull your chest toward the bar, driving elbows down. 4. Lower under control to full arm extension. Tip: reduce assistance gradually over time rather than relying on the same support level indefinitely.",https://fitwill.app/api/image/4206?p=1&w=1920&h=1080,https://liftmanual.com/wp-content/uploads/2023/04/band-assisted-chin-up.jpg,https://www.bezzad.com/wp-content/uploads/2023/12/band-assisted-chin-up.gif,https://liftmanual.com/wp-content/uploads/2023/04/assisted-pull-up.jpg,https://images.ctfassets.net/0k812o62ndtw/5L9Cf6u6Onvvfq3nHGtxOb/77e9124ee71981ac9981e6bcc9a83aad/exercise20190301-21377-1oddxtqc56e1a1c395b1e8b001b3f0edaa02609.png,https://app-media.fitbod.me/v2/20/images/landscape/0_960x540.jpg,https://weighttraining.guide/wp-content/uploads/2021/11/Self-assisted-pull-up.png,https://fitnessvolt.com/wp-content/uploads/2021/02/assisted-chin-ups.jpg,https://liftmanual.com/wp-content/uploads/2023/04/band-assisted-pull-up.jpg,https://weighttraining.guide/wp-content/uploads/2017/01/assisted-pull-up-resized.png
Back,2,Back Extension / 45-Degree Back Extension,"Back, Erector Spinae, Gluteus Maximus, Hamstrings","A hip-hinge exercise on an extension bench that strengthens the lower back, glutes, and hamstrings.","1. Position hips on the pad with ankles secured, body straight. 2. Cross arms over your chest or hold weight. 3. Lower your torso down by hinging at the hips. 4. Raise back up to a straight line, without hyperextending. Tip: stop at a flat back position at the top, don't arch the lower back excessively.",https://liftmanual.com/wp-content/uploads/2023/04/45-degrees-back-extension.jpg,https://bodybuilding-wizard.com/wp-content/uploads/2014/05/45-degree-lumbar-extension-2.jpg,https://powerliftingtechnique.com/wp-content/uploads/2024/01/45-Degree-Back-Extension.jpg,https://i.ytimg.com/vi/IJ2Cw-qV25s/maxresdefault.jpg,https://fitnessvolt.com/wp-content/uploads/2020/02/45-degree-back-extensions.jpg,https://i.ytimg.com/vi/sRP1Q1L8pj4/maxresdefault.jpg,https://mensfitness.co.uk/wp-content/uploads/sites/2/2024/08/45-degree-back-extension-1.jpg,https://liftmanual.com/wp-content/uploads/2023/04/rounded-back-extension-1024x538.jpg,https://i.ytimg.com/vi/2abwVvEU-NU/hq720.jpg?sqp=-oaymwE7CK4FEIIDSFryq4qpAy0IARUAAAAAGAElAADIQj0AgKJD8AEB-AH-CYAC0AWKAgwIABABGGUgZShlMA8=&rs=AOn4CLAXuYLptP85vlCkHTs9LHFjaxSgHw,https://i.ytimg.com/vi/7KXsFvooId0/maxresdefault.jpg
Back,3,Bent-Over Barbell Row,"Back, Mid Back, Latissimus Dorsi, Rhomboids, Trapezius","A hinged barbell row that builds the mid back, lats, rhomboids, and trapezius through a horizontal pulling motion.","1. Hinge at the hips holding a barbell with hands shoulder-width apart, back flat. 2. Let the bar hang below your shoulders. 3. Pull the bar up toward your lower ribs, driving elbows back. 4. Lower under control to the start. Tip: keep your back flat and braced throughout, don't round it to move heavier weight.",https://julielohre.com/wp-content/uploads/2017/11/Bent-Over-Barbell-Row.jpg,https://weighttraining.guide/wp-content/uploads/2016/10/Bent-over-barbell-row.png,https://fitnessvolt.com/wp-content/uploads/2018/04/bent-over-barbell-row.jpg,https://fitnessvolt.com/wp-content/uploads/exercises/1080/barbell-bent-over-row-0027.gif,https://homegymreview.co.uk/wp-content/uploads/exercises/37211101-Barbell-Bent-Over-Wide-Grip-Row_Back_max-scaled.jpg,https://liftmanual.com/wp-content/uploads/2023/04/barbell-bent-over-row.jpg,https://workouttrends.com/wp-content/uploads/2013/10/Bent-Over-Barbell-Row.jpg,https://fitdominium.com/wp-content/uploads/2023/08/Total-Gym-XLS-Review-1-3-1024x768.png,https://www.shutterstock.com/shutterstock/photos/2329911219/display_1500/stock-photo-barbell-bent-over-row-back-exercise-male-figure-2329911219.jpg,https://weighttraining.guide/wp-content/uploads/2021/06/Barbell-underhand-Grip-Bent-Over-Row.png
Back,4,Chest-Supported Machine Row,"Back, Mid Back, Latissimus Dorsi","A machine row where the chest rests on a pad, isolating the mid back and lats without lower back strain.","1. Adjust the seat and chest pad so handles are at chest height. 2. Sit with chest against the pad and grip the handles. 3. Pull the handles toward your torso, squeezing shoulder blades together. 4. Return slowly to the start. Tip: keep your chest pressed into the pad the whole time to avoid using body momentum.","https://hips.hearstapps.com/hmg-prod/images/chessupportedrow-1656427077-64246275558da.jpeg?crop=1.00xw:0.752xh;0,0.0561xh&resize=980:*","https://hips.hearstapps.com/hmg-prod/images/chest-supported-row-1-657246a94eea0.jpg?crop=0.614xw:0.868xh;0.100xw,0.113xh&resize=640:*",https://fitliferegime.com/wp-content/uploads/2023/09/Chest-Supported-Machine-Row.gif,https://s3assets.skimble.com/assets/1613258/image_iphone.jpg,https://fitliferegime.com/wp-content/uploads/2022/11/Incline-Chest-Supported-Cable-Row.webp,https://bulkandstrength.com/wp-content/uploads/2025/11/THE-CHEST-SUPPORTED-MACHINE-ROW.webp,https://i.pinimg.com/originals/c4/59/da/c459da7768ecc5d99ce8f5b9195485f6.png,https://weighttraining.guide/wp-content/uploads/2023/08/Chest-supported-underhand-grip-t-bar-row.png,https://img-s-msn-com.akamaized.net/tenant/amp/entityid/AA2cY83y.img?w=540&h=960&m=4&q=30,"https://res.cloudinary.com/peloton-cycle/image/fetch/f_auto,c_limit,w_3840,q_90/https://images.ctfassets.net/6ilvqec50fal/4FXwFZSTf95JcWcwqvVfTF/131b369274672e5cb2d70436b7779465/Chest-supported-row-andy.png"
Back,5,Chest-Supported T-Bar Row,"Back, Mid Back, Middle Trapezius, Rhomboids, Latissimus Dorsi","A T-bar row performed with chest support, targeting the mid back, rhomboids, and lats with a stable base.","1. Lie chest-down on the support pad and grip the handles. 2. Let the weight hang with arms extended. 3. Pull the handles up toward your torso, squeezing your shoulder blades. 4. Lower under control to the start. Tip: keep the chest anchored on the pad so the pull comes from the back, not from swinging the torso.",https://weighttraining.guide/wp-content/uploads/2023/08/Chest-supported-underhand-grip-t-bar-row.png,https://www.fitliferegime.com/wp-content/uploads/2022/02/Reverse-Grip-Chest-Supported-T-Bar-Row.jpg,https://i.ytimg.com/vi/07GC_TD79Mg/maxresdefault.jpg,https://weighttraining.guide/wp-content/uploads/2016/10/lever-t-bar-row-plate-loaded-resized.png,https://fitnessvolt.com/wp-content/uploads/2024/04/Chest-Supported-T-Bar-Row.jpg,https://trainingstation.co.uk/cdn/shop/files/Watson-animal-chest-supported-T-Bar-Row.jpg?v=1694935085,https://i.ytimg.com/vi/Bc0kfoIrMIE/maxresdefault.jpg,https://generationiron.com/wp-content/uploads/2023/02/chest-supported-t-bar-row.jpg,https://hortonbarbell.com/wp-content/uploads/2023/02/Chest-Supported-Rows-vs-T-Bar-Rows.png,https://www.trainheroic.com/wp-content/uploads/2023/01/Screen-Shot-2023-01-19-at-9.00.05-AM.png
Back,6,Chin-Ups,"Back, Latissimus Dorsi, Biceps Brachii, Brachialis","A vertical pull with an underhand grip that heavily recruits the lats, biceps, and brachialis.","1. Grip the bar with palms facing you, shoulder-width apart. 2. Hang with arms fully extended. 3. Pull your chin over the bar, driving elbows down and back. 4. Lower under control to full extension. Tip: avoid kipping or swinging, control the descent to keep tension on the lats and biceps.",https://www.r3fitness.com.my/wp-content/uploads/2022/04/Artboard-1-2-1-800x800.png,https://weighttraining.guide/wp-content/uploads/2021/09/Chin-up.png,https://liftmanual.com/wp-content/uploads/2023/04/band-assisted-chin-up.jpg,https://www.fitliferegime.com/wp-content/uploads/2021/05/Chin-Ups.jpg,https://fitliferegime.com/wp-content/uploads/2023/01/Chin-Ups-Vs-Pull-Ups.webp,https://www.athleticinsight.com/wp-content/uploads/2022/09/Chin-up-05.jpg,https://www.health.com/thmb/1e4AHnibv1U2Drw8l7JXycko0os=/2000x0/filters:no_upscale():max_bytes(150000):strip_icc()/gettyimages-520811181-2000-de98796ab0394643811d4d45840ed6c9.jpg,https://outlift.com/wp-content/uploads/2020/05/chin-up-hypertrophy-illustration.jpg,https://fitnessvolt.com/wp-content/uploads/2019/04/pull-up.jpg,https://www.athleticinsight.com/wp-content/uploads/2022/09/Chin-up-01-1024x521.jpg
Back,7,Close-Grip / Neutral Lat Pulldown,"Back, Latissimus Dorsi, Biceps Brachii, Brachialis, Lower Lats","A lat pulldown using a close or neutral grip attachment, emphasizing the lower lats and biceps.","1. Sit at the pulldown station and secure your knees under the pad. 2. Grip the close or neutral handle. 3. Pull the handle down to your upper chest, driving elbows down and back. 4. Return slowly to full arm extension. Tip: avoid leaning back excessively, keep the torso mostly upright and pull with your back.",https://weighttraining.guide/wp-content/uploads/2016/10/Cable-close-grip-pull-down-resized.png,https://fitnessvolt.com/wp-content/uploads/2023/09/close-grip-lat-pulldown.gif,https://www.blackridgefitness.com/wp-content/uploads/2022/02/neutral-grip-pulldown-1.jpg,https://liftmanual.com/wp-content/uploads/2023/04/band-close-grip-pulldown.jpg,https://homegymreview.co.uk/wp-content/uploads/exercises/37541101-Cable-Close-Grip-Front-Lat-Pulldown-female_Back_max-2048x1366.jpg,https://cdn3.vectorstock.com/i/1000x1000/96/37/close-grip-lat-pulldowns-pullovers-exercise-vector-38479637.jpg,https://weighttraining.guide/wp-content/uploads/2017/01/Lat-pull-down-resized.png,https://www.bodybuildingmealplan.com/wp-content/uploads/Close-Grip-Lat-Pulldown-scaled.jpg,https://img.clearcals.com/site/images/blogs/Close_Grip_Lat_Pulldown.webp,https://workoutguru.fit/wp-content/uploads/2023/10/cable-neutral-grip-lat-pulldown-male-video-exercise-guide-tips.jpg
Back,8,Conventional Deadlift,"Back, Erector Spinae, Trapezius, Latissimus Dorsi, Gluteus Maximus, Hamstrings, Lower Back, Glutes","A full-body hip-hinge lift from the floor that builds the erector spinae, glutes, hamstrings, traps, and lats.","1. Stand with the bar over mid-foot, feet hip-width apart. 2. Hinge down and grip the bar just outside your knees, back flat, chest up. 3. Drive through your feet, extending hips and knees together to stand tall. 4. Lower the bar back down under control by hinging first. Tip: keep the bar close to your legs throughout and never let your lower back round under load.",https://weighttraining.guide/wp-content/uploads/2016/05/Barbell-Deadlift-1.png,https://b1494239.smushcdn.com/1494239/wp-content/uploads/2014/08/conventional-deadlift-1024x1024.jpg?lossy=0&strip=1&webp=1,https://www.stepbystep.com/wp-content/uploads/2013/01/How-to-Deadlift-with-Proper-Technique2.jpg,https://i.pinimg.com/originals/f8/ff/d1/f8ffd12c28d892149a27ff709390334b.jpg,https://www.puregym.com/media/g0nigzr2/deadlifts-3.jpg?quality=80,https://i.pinimg.com/originals/de/2e/ce/de2ece65a47584d8f91641ea3647ca33.jpg,https://i.ytimg.com/vi/1ZXobu7JvvE/maxresdefault.jpg,https://fitnessprogramer.com/wp-content/uploads/2022/09/barbell-deadlift.gif,https://mlrsaszawtm3.i.optimole.com/cb:4PHY.45cbb/w:832/h:832/q:90/f:best/ig:avif/https://www.typeatraining.com/wp-content/uploads/2025/06/v2-wjn7j-gt7w4.jpg,https://i.pinimg.com/originals/e6/47/d7/e647d76dde67690f4751a881a1f36ed6.jpg
Back,9,Inverted Row,"Back, Mid Back, Latissimus Dorsi, Middle Trapezius, Rhomboids","A bodyweight horizontal pull under a bar or rack, working the mid back, lats, and trapezius.","1. Set a bar at hip height and lie underneath it, gripping it shoulder-width apart. 2. Extend legs out with body in a straight line, heels on the floor. 3. Pull your chest up toward the bar, squeezing shoulder blades. 4. Lower under control to the start. Tip: keep your body rigid and straight, don't let your hips sag toward the floor.",https://bod-blog-assets.prod.cd.beachbodyondemand.com/bod-blog/wp-content/uploads/2023/08/11122911/Inverted-Row-600-Example.jpg,https://static.strengthlevel.com/images/illustrations/inverted-row-1000x1000.jpg,https://images.squarespace-cdn.com/content/v1/5ebef943272c1041d83b1d15/9886c188-3330-4e5f-a559-7ed90c92b4d3/inverted+row,https://cdn.muscleandstrength.com/sites/default/files/inverted-row.jpg,https://breakingmuscle.com/wp-content/uploads/2022/10/inverted-row-step-1.jpg,https://weighttraining.guide/wp-content/uploads/2017/06/Weighted-inverted-row.png,https://www.puregym.com/media/phzl0gsd/inverted-row.jpg?quality=80,https://cdn.shopify.com/s/files/1/0449/8453/3153/files/Inverted_Row_Muscles_Worked.jpg?v=1691735021,https://breakingmuscle.com/wp-content/uploads/2022/10/inverted-row-top-position.jpg,https://www.girlsgonestrong.com/wp-content/uploads/2020/03/Inverted-Row.jpg
Back,10,Machine High Row,"Back, Upper Back, Latissimus Dorsi, Rhomboids, Trapezius","A machine row pulling from a high angle, targeting the upper back, lats, rhomboids, and trapezius.",1. Adjust the seat so handles are above chest height. 2. Grip the handles and sit tall against the pad. 3. Pull the handles down and back toward your upper chest. 4. Return slowly to the start. Tip: focus on driving elbows down and back rather than just bending the arms.,https://weighttraining.guide/wp-content/uploads/2016/12/machine-high-row-resized.png,https://fitliferegime.com/wp-content/uploads/2024/08/Machine-High-Row.jpg,https://www.bodybuildingmealplan.com/wp-content/uploads/Machine-High-Row-scaled.jpg,https://www.bodybuildingmealplan.com/wp-content/uploads/High-Row-Machine-Alternative.png,https://cdn.athlemove.com/ad866c29-edf3-4b51-9380-e2c7417f7c42.webp?width=3840&signature=ba4c27c78731217d5b55e11c12a244d56d66f2b3c1e1a4a67d87bfc65fe58200,https://liftmanual.com/wp-content/uploads/2023/04/lever-seated-row.jpg,https://i.ytimg.com/vi/beKbbq6NhWY/maxresdefault.jpg,https://i.pinimg.com/originals/30/7f/be/307fbe32e339a8c43a647c79478bcb77.png,https://liftmanual.com/wp-content/uploads/2023/04/cable-single-arm-high-row.jpg,https://storage.googleapis.com/flex-web-media-prod/content/images/wp-content/uploads/2023/10/machine-2-1.png
Back,11,One-Arm Cable Row,"Back, Latissimus Dorsi, Rhomboids, Middle Trapezius","A single-arm cable row that builds the lats, rhomboids, and mid trapezius with an added core and anti-rotation demand.","1. Attach a single handle to a low cable and sit or stand facing it. 2. Grip the handle with one hand, arm extended. 3. Pull the handle back toward your ribs, rotating your torso slightly if standing. 4. Return under control to the start. Tip: avoid twisting excessively, let the movement come from the back and shoulder blade.",https://fitnessvolt.com/wp-content/uploads/2019/04/seated-one-arm-cable-row.jpg,https://workoutguru.fit/wp-content/uploads/2023/10/cable-seated-single-arm-row-female-video-exercise-guide-tips-768x432.jpg,https://assets.sweat.com/exercises/images/000/002/144/original/exercise20181127-19614-h2sucw1eda1ed0901bb0b07d08486c02ee0f81.png?1543280605,https://www.bodybuildingmealplan.com/wp-content/uploads/Cable-Back-Exercises-Standing-Single-Arm-Cable-Row.png,https://liftmanual.com/wp-content/uploads/2023/04/cable-one-arm-bent-over-row.jpg,https://fitliferegime.com/wp-content/uploads/2023/03/Muscle-Worked-During-One-Arm-Cable-Row.jpg,https://workoutguru.fit/wp-content/uploads/2023/10/cable-seated-one-arm-alternate-row-video-exercise-guide-tips-1536x864.jpg,https://weighttraining.guide/wp-content/uploads/2017/12/standing-twisting-cable-row-resized.png,https://blog.nasm.org/hs-fs/hubfs/one-arm-standing-cable-row.jpg?width=1208&name=one-arm-standing-cable-row.jpg,https://liftmanual.com/wp-content/uploads/2023/04/cable-single-arm-high-row.jpg
Back,12,One-Arm Dumbbell Row,"Back, Latissimus Dorsi, Rhomboids, Middle Trapezius, Mid Back","A single-arm row supported by a bench, isolating the lats, rhomboids, and mid trapezius on each side.","1. Place one knee and hand on a bench, back flat, holding a dumbbell in the other hand. 2. Let the dumbbell hang straight down. 3. Pull it up toward your hip, driving the elbow back. 4. Lower under control to full extension. Tip: keep your torso still and avoid rotating your spine to lift the weight.","https://static.wixstatic.com/media/8fe1c2_96808728321e4ed6bbcf7da2e079dcbb~mv2.png/v1/fill/w_980,h_485,al_c,q_90,usm_0.66_1.00_0.01,enc_avif,quality_auto/8fe1c2_96808728321e4ed6bbcf7da2e079dcbb~mv2.png",https://fitwill.app/api/image/2393?p=1&w=1920&h=1080,https://weighteasyloss.com/wp-content/uploads/2019/09/One-Arm-Dumbbell-Rows.jpg,https://cdn4.vectorstock.com/i/1000x1000/67/93/one-arm-dumbbell-row-exercise-vector-25426793.jpg,https://cdn-ami-drupal.heartyhosting.com/sites/muscleandfitness.com/files/one-arm-elbow-in-dumbbell-row-main.jpg,https://www.aleanlife.com/wp-content/uploads/2022/11/one-arm-dumbbell-row-1.jpg,https://wellnessed.com/wp-content/uploads/2022/12/how-to-do-one-arm-dumbbell-row-exercise.png,https://workoutlabs.com/train/wp-content/uploads/2023/05/One_Arm_Dumbbell_Row_F_WorkoutLabs-c.svg,https://hips.hearstapps.com/hmg-prod/images/screenshot-2024-02-26-at-12-29-14-65dc842d0d527.png?resize=980:*,https://static.strengthlevel.com/images/illustrations/dumbbell-row-1000x1000.jpg
Back,13,Pendlay Row,"Back, Mid Back, Latissimus Dorsi, Rhomboids, Trapezius, Erector Spinae","An explosive barbell row starting each rep from a dead stop on the floor, building the mid back, lats, and erector spinae.","1. Hinge over a barbell on the floor with a flat back, torso close to parallel. 2. Grip the bar shoulder-width apart. 3. Pull the bar explosively to your lower chest. 4. Lower it back to the floor fully between reps. Tip: reset your position for every rep instead of letting the bar hover, this keeps the back flat and strict.",https://cdn.shopify.com/s/files/1/0866/7664/files/TL_Blog_Template_12_1024x1024.jpg?v=1664755211,https://weighteasyloss.com/wp-content/uploads/2019/10/29.jpg,https://www.bodybuildingmealplan.com/wp-content/uploads/Pendlay-Row-Form.jpg,https://wellfitinsider.com/wp-content/uploads/2026/03/What-Is-the-Pendlay-Row.jpg,https://hips.hearstapps.com/hmg-prod/images/pendlay-1656427015.jpg?resize=980:*,https://www.bodybuildingmealplan.com/wp-content/uploads/Pendlay-Row-scaled.jpg,https://workoutguru.fit/wp-content/uploads/2023/10/barbell-pendlay-row-video-exercise-guide-tips-1024x576.jpg,https://cdn.shopify.com/s/files/1/0272/2408/0419/files/Pendlay_Rows_480x480.jpg?v=1680161505,https://toneopfit.com/_next/image?url=https:%2F%2Ftoneopfit-strapi-prod.s3.ap-south-1.amazonaws.com%2FHow_To_Perform_Pendlay_Row_Exercise_Know_it_s_6_Targeted_Benefits_And_Effectiveness_01_6b57ef4872.jpg&w=2048&q=75,https://generationiron.com/wp-content/uploads/2022/07/barbell-3-e1657412693300.jpeg
Back,14,Pull-Ups,"Back, Latissimus Dorsi, Teres Major, Biceps Brachii","A vertical bodyweight pull with an overhand grip that primarily targets the lats, teres major, and biceps.","1. Grip the bar with palms facing away, hands wider than shoulders. 2. Hang with arms fully extended. 3. Pull your body up until your chin clears the bar, driving elbows down. 4. Lower under control to full extension. Tip: avoid excessive kipping, control both the pull and the lowering phase.",https://weighteasyloss.com/wp-content/uploads/2020/03/pull-ups-guide-e1583092596329.jpg,https://liftmanual.com/wp-content/uploads/2023/04/pull-up.jpg,https://i.pinimg.com/originals/c2/97/88/c2978889a7f44f035510f9b6a885d8e2.jpg,https://fitnessvolt.com/wp-content/uploads/2019/04/pull-up.jpg,https://www.eatthis.com/wp-content/uploads/sites/4/2023/09/woman-pull-ups.jpeg?resize=272,https://fitnessprogramer.com/wp-content/uploads/2022/08/how-to-do-perfect-pull-up-form-1.png,https://hips.hearstapps.com/hmg-prod/images/back-view-of-muscular-sportsman-doing-pull-ups-on-royalty-free-image-1686216944.jpg,https://static.vecteezy.com/system/resources/previews/023/166/877/large_2x/man-doing-chin-ups-workout-pull-up-with-supinated-lat-pulldown-reverse-grip-healthy-and-active-lifestyle-flat-vector.jpg,https://hips.hearstapps.com/hmg-prod/images/mh0418-fit-pul-01-1558551798.jpg,https://www.athleticinsight.com/wp-content/uploads/2022/09/Pull-up-08.jpg
Back,15,Seated Cable Row,"Back, Mid Back, Rhomboids, Latissimus Dorsi, Middle Trapezius","A seated cable pull that trains the mid back, rhomboids, lats, and middle trapezius with a stable seated base.","1. Sit at the cable row station with feet on the platform, knees slightly bent. 2. Grip the handle with arms extended and back straight. 3. Pull the handle to your torso, squeezing shoulder blades together. 4. Return slowly, letting your torso lean slightly forward. Tip: keep your torso mostly upright and avoid using body swing to move the weight.",https://weighttraining.guide/wp-content/uploads/2016/05/Seated-cable-row-new-resized.png,https://weighttraining.guide/wp-content/uploads/2017/02/straight-back-seated-cable-row-resized-1.png,https://liftmanual.com/wp-content/uploads/2023/04/cable-rope-seated-row.jpg,https://www.shutterstock.com/shutterstock/photos/2329916765/display_1500/stock-photo-cable-seated-row-back-exercise-male-figure-2329916765.jpg,https://www.g4physio.co.uk/wp-content/uploads/2016/11/Seated-Row-2.jpg,https://liftmanual.com/wp-content/uploads/2023/04/cable-straight-back-seated-row.jpg,https://weighttraining.guide/wp-content/uploads/2023/09/Straight-back-seated-cable-row-with-straight-bar.png,https://cdn1.vectorstock.com/i/1000x1000/29/85/man-doing-seated-low-cable-back-rows-exercise-vector-42772985.jpg,https://workoutguru.fit/wp-content/uploads/2023/10/cable-seated-row-video-exercise-guide-tips.jpg,https://liftmanual.com/wp-content/uploads/2023/04/cable-seated-wide-grip-row.jpg
Back,16,Smith Machine Shrugs,"Back, Upper Trapezius",A shrugging movement using the Smith machine's fixed bar path to isolate the upper trapezius.,"1. Stand under the bar, gripping it at shoulder-width, arms straight. 2. Unrack the bar and stand tall. 3. Elevate your shoulders straight up toward your ears. 4. Lower under control back to the start. Tip: avoid rolling the shoulders, the motion is a straight vertical shrug to protect the shoulder joint.",https://i0.wp.com/www.fitliferegime.com/wp-content/uploads/2021/06/Smith-Machine-Shrug.jpg?w=660&ssl=1,https://cdn.shopify.com/s/files/1/0754/7279/8002/files/How_to_Use_a_Smith_Machine_-_shrugs.webp?v=1690789261,https://weighttraining.guide/wp-content/uploads/2019/10/Smith-machine-shrug-resized.png,https://fitliferegime.com/wp-content/uploads/2022/04/smith-machine-shrug.jpg,https://cdn.jefit.com/assets/img/exercises/gifs/50.gif,https://workoutguru.fit/wp-content/uploads/2023/10/smith-wide-shrug-video-exercise-guide-tips.jpg,https://static.strengthlevel.com/images/exercises/smith-machine-shrug/smith-machine-shrug-800.jpg,https://app-media.fitbod.me/v2/339/images/landscape/0_960x540.jpg,https://app-media.fitbod.me/v2/353/images/landscape/0_960x540.jpg,https://www.zing.coach/exercises/smith-machine-behind-the-back-shrugs.webp
Back,17,Straight-Arm Cable Pulldown,"Back, Latissimus Dorsi, Teres Major",An isolation pulldown with straight arms that targets the lats and teres major without engaging the biceps much.,"1. Stand facing a high cable with a straight bar attachment, arms extended. 2. Hinge slightly forward at the hips. 3. Pull the bar down toward your thighs, keeping arms straight. 4. Return slowly to the start. Tip: keep elbows only slightly bent and fixed throughout so the lats do the work, not the triceps.",https://homegymreview.co.uk/wp-content/uploads/exercises/02371101-Cable-Straight-Arm-Pulldown-with-rope_Back_max-scaled.jpg,https://fitnessvolt.com/wp-content/uploads/2019/04/cable-straight-arm-pull-down.jpg,https://fitwill.app/api/image/1067?p=1&w=1920&h=1080,https://weighttraining.guide/wp-content/uploads/2017/04/Cable-Straight-Arm-Pull-down-resized.png,https://workoutguru.fit/wp-content/uploads/2023/10/cable-straight-arm-pulldown-version-2-video-exercise-guide-tips-1536x864.jpg,https://i.pinimg.com/originals/b5/2b/b6/b52bb6cd11f576ff39359ac5975dba20.jpg,"https://static.wixstatic.com/media/8fe1c2_984e9afe11f04e399c704b0ce2f12e9b~mv2.jpg/v1/fill/w_660,h_801,al_c,q_85,enc_avif,quality_auto/8fe1c2_984e9afe11f04e399c704b0ce2f12e9b~mv2.jpg",https://fitwill.app/api/image/0237?p=1&w=1024&h=1024,https://i.pinimg.com/originals/75/f7/e4/75f7e4ebcf99639bc863da30e34711d8.jpg,https://liftmanual.com/wp-content/uploads/2023/04/band-straight-arm-pulldown.jpg
Back,18,Supinated / Reverse-Grip Lat Pulldown,"Back, Latissimus Dorsi, Biceps Brachii","A lat pulldown using an underhand grip, emphasizing the lats along with strong biceps involvement.","1. Sit at the pulldown station and secure your knees under the pad. 2. Grip the bar underhand, shoulder-width apart. 3. Pull the bar down to your upper chest, driving elbows down. 4. Return slowly to full arm extension. Tip: avoid leaning back too far, keep the pull controlled and let the elbows travel down and back.",https://www.bodybuildingmealplan.com/wp-content/uploads/Supinated-Lat-Pulldown-Muscles-Worked-scaled.jpg,https://static.strengthlevel.com/images/exercises/reverse-grip-lat-pulldown/reverse-grip-lat-pulldown-800.jpg,https://www.eatthis.com/wp-content/uploads/sites/4/2023/01/supinated-lat-pulldown-illustration.jpg?quality=82&strip=all&w=640,https://weighttraining.guide/wp-content/uploads/2016/10/reverse-grip-lat-pull-down-resized.png,https://www.bodybuildingmealplan.com/wp-content/uploads/Supinated-Lat-Pulldown-scaled.jpg,https://i.ytimg.com/vi/kWwPlzwTYAE/maxresdefault.jpg,https://www.bodybuildingmealplan.com/wp-content/uploads/Wide-Grip-Supinated-Lat-Pulldown-1200x829.jpg,https://weighttraining.guide/wp-content/uploads/2017/01/Lat-pull-down-resized.png,https://liftmanual.com/wp-content/uploads/2023/04/reverse-grip-machine-lat-pulldown.jpg,https://static.vecteezy.com/system/resources/previews/016/138/118/original/man-doing-chin-ups-workout-pull-up-with-supinated-lat-pulldown-reverse-grip-healthy-and-active-lifestyle-flat-illustration-isolated-on-white-background-vector.jpg
Back,19,T-Bar Row,"Back, Mid Back, Latissimus Dorsi, Rhomboids, Trapezius","A loaded row using a T-bar or landmine setup that builds the mid back, lats, rhomboids, and trapezius.","1. Straddle the bar, hinge at the hips with a flat back. 2. Grip the handles with arms extended. 3. Pull the weight up toward your torso, squeezing shoulder blades. 4. Lower under control to the start. Tip: keep your back flat and braced, don't round it to heave the weight up.",https://fitnessvolt.com/wp-content/uploads/2020/03/barbell-t-bar-rows.jpg,https://weighttraining.guide/wp-content/uploads/2016/10/lever-t-bar-row-plate-loaded-resized.png,https://row.gymshark.com/_next/image?url=https:%2F%2Fimages.ctfassets.net%2F8urtyqugdt2l%2F47hnqz5mJqoDCa0s31P34n%2F6f1a334a048407a547ea6bceea2c6991%2Fdesktop-t-bar-row.jpg&w=2160&q=85,https://weighttraining.guide/wp-content/uploads/2023/08/Chest-supported-underhand-grip-t-bar-row.png,https://hips.hearstapps.com/hmg-prod/images/landmine-t-bar-row-1677585906.jpg,https://www.fitliferegime.com/wp-content/uploads/2022/02/Reverse-Grip-Chest-Supported-T-Bar-Row.jpg,https://www.trainheroic.com/wp-content/uploads/2023/01/Screen-Shot-2023-01-19-at-9.00.05-AM.png,https://weighteasyloss.com/wp-content/uploads/2018/06/T-Bar-Row-Variation-Back-Row-1024x688.jpg,https://www.anterides.com/UserFiles/images/exercises/square-unannotated/3-T-Bar-Row-TABLET-M.png,https://watsongym.co.uk/wp-content/uploads/2023/03/DSC09118.jpg
Back,20,Wide-Grip Lat Pulldown,"Back, Latissimus Dorsi, Teres Major, Upper Lats","A lat pulldown using a wide overhand grip that emphasizes the lats, teres major, and upper lats.","1. Sit at the pulldown station and secure your knees under the pad. 2. Grip the bar wide, palms facing away. 3. Pull the bar down to your upper chest, driving elbows down and back. 4. Return slowly to full arm extension. Tip: avoid using momentum by leaning back too far, keep the movement controlled and strict.",https://liftmanual.com/wp-content/uploads/2023/04/cable-wide-grip-lat-pulldown-1024x538.jpg,https://www.borntoworkout.com/wp-content/uploads/2017/11/Wide-Grip-Lat-Pulldown.jpg,"https://fitwill.app/cdn-cgi/image/width=3840,quality=75,format=auto/https://fitwill.app/api/image/0197?w=1024&h=576",https://workoutguru.fit/wp-content/uploads/2023/10/cable-wide-grip-lat-pulldown-female-video-exercise-guide-tips.jpg,https://www.bodybuildingmealplan.com/wp-content/uploads/Wide-Grip-Lat-Pulldown.png,https://posts.avatarnutrition.com/wp-content/uploads/2018/02/wide-grip.jpg,https://bulkandstrength.com/wp-content/uploads/2025/11/Wide-Grip-Lat-Pulldown-1.png,https://weighttraining.guide/wp-content/uploads/2018/07/Lat-pull-down-with-rope-resized.png,https://fitwill.app/api/image/4217?p=1&w=1920&h=1080,https://fitnessvolt.com/wp-content/uploads/2023/09/wide-grip-lat-pulldown.gif
Shoulders,1,Arnold Press,"Shoulders, Anterior Deltoid, Medial Deltoid, Triceps",A dumbbell shoulder press variant with a rotating grip that trains all three deltoid heads plus triceps.,"1. Sit holding dumbbells at shoulder height, palms facing you. 2. Press up while rotating palms to face forward. 3. Lock out overhead, then reverse the rotation on the way down. 4. Repeat for reps. Tip: Keep the rotation smooth and controlled, don't rush it to swing the weights up.",https://www.athleticinsight.com/wp-content/uploads/2022/09/Arnold-Press-01.jpg,https://www.mensjournal.com/.image/t_share/MTk3MDU4NjMxNDU4MzY2NTQ3/arnoldpresshowto.jpg,https://weighttraining.guide/wp-content/uploads/2016/10/Arnold-press-resized.png,https://hips.hearstapps.com/hmg-prod/images/db-seated-shoulder-pressat1-25x-64d387fe154b1.jpg,https://training.fit/wp-content/uploads/2020/03/arnold-press-2.png,https://gym-animations.com/wp-content/uploads/2026/02/Dumbbell-Arnold-Press.png,https://cdn.mos.cms.futurecdn.net/VrsQ5QwSQNEhdZqxeSnW4K-1200-80.jpg,https://www.bodybuildingmealplan.com/wp-content/uploads/shutterstock_428906836-scaled.jpg,https://www.athleticinsight.com/wp-content/uploads/2022/09/Arnold-Press-03.jpg,https://hips.hearstapps.com/hmg-prod/images/arnold-press-seated-66c711847c2dd.jpg?resize=980:*
Shoulders,2,Cable External Rotation,"Shoulders, Rotator Cuff, Infraspinatus, Teres Minor","An isolation exercise using a low cable to strengthen the rotator cuff, especially the infraspinatus and teres minor.","1. Stand side-on to the cable with elbow bent 90 degrees and tucked to your side. 2. Hold the handle at waist height. 3. Rotate the forearm outward away from your body, keeping the elbow pinned to your ribs. 4. Return slowly and repeat. Tip: Use light weight and keep the elbow fixed; this is a control exercise, not a strength lift.",https://fitwill.app/api/image/0235?p=1&w=1920&h=1080,https://weighttraining.guide/wp-content/uploads/2016/10/Cable-Standing-Shoulder-External-Rotation-resized.png,https://liftmanual.com/wp-content/uploads/2023/04/cable-standing-shoulder-external-rotation.jpg,https://fitwill.app/api/image/5087?p=1&w=1024&h=576,https://fitwill.app/api/image/6756?p=1&w=1024&h=1024,https://workoutguru.fit/wp-content/uploads/2023/10/cable-standing-shoulder-external-rotation-video-exercise-guide-tips.jpg,https://static.vecteezy.com/system/resources/previews/016/138/133/original/woman-doing-external-cable-shoulder-rotation-posture-for-exercise-in-2-step-illustration-about-workout-with-gym-equipment-to-maintain-a-strong-and-stable-shoulder-joint-flat-illustration-vector.jpg,https://workoutguru.fit/wp-content/uploads/2023/10/cable-shoulder-90-degrees-external-rotation-video-exercise-guide-tips-1536x864.jpg,https://static.strengthlevel.com/images/open-graph/strength-standards/cable-external-rotation-standards-1200x630.jpg,https://www.shutterstock.com/shutterstock/photos/2208330753/display_1500/stock-vector-woman-doing-external-cable-shoulder-rotation-posture-for-exercise-in-step-illustration-about-2208330753.jpg
Shoulders,3,Cable Face Pulls,"Shoulders, Posterior Deltoid, External Rotators, Middle Trapezius, Trapezius",A cable pulling exercise for the rear deltoids and upper back that also strengthens external rotators and improves shoulder health.,"1. Set a rope attachment at upper chest to head height. 2. Grip the ends and step back for tension. 3. Pull the rope toward your face, splitting hands apart and driving elbows high and wide. 4. Squeeze the shoulder blades, then return slowly. Tip: Lead with the elbows and externally rotate at the end, don't just pull with the arms.",https://weighttraining.guide/wp-content/uploads/2016/10/Face-pull-resized.png,https://cdn.athlemove.com/cbe29c6c-b057-488c-b988-715521404266.webp?width=3840&signature=c04dbed7c89447ffa6b3955bfeca940ed69e2c32a495c2967f07530a683eef1b,https://muscu-street-et-crossfit.fr/wp-content/uploads/2023/11/Muscles-Face-Pull.001.jpeg,https://s3.amazonaws.com/prod.skimble/assets/1682829/image_iphone.jpg,https://fitwill.app/api/image/5658?p=1&w=1920&h=1080,https://workoutguru.fit/wp-content/uploads/2023/10/cable-standing-face-pull-with-rope-video-exercise-guide-tips.jpg,https://i.pinimg.com/originals/45/b4/03/45b40307fabbfefb646d4fd7728943de.jpg,https://liftmanual.com/wp-content/uploads/2023/04/cable-standing-face-pull.jpg,https://workouttrends.com/wp-content/uploads/2013/10/Cable-Face-Pull.jpg,https://www.hevyapp.com/wp-content/uploads/face-pull-.png
Shoulders,4,Cable Lateral Raise,"Shoulders, Medial Deltoid","A cable isolation move targeting the medial deltoid to build shoulder width, with constant tension throughout the range.","1. Stand side-on to a low cable pulley, handle in the far hand. 2. Keep a slight elbow bend. 3. Raise the arm out to the side until roughly shoulder height. 4. Lower under control and repeat. Tip: Lead with the elbow, not the hand, and avoid shrugging the trap to lift the weight.",https://homegymreview.co.uk/wp-content/uploads/exercises/01781101-Cable-Lateral-Raise_shoulder_max-scaled.jpg,https://workoutguru.fit/wp-content/uploads/2023/10/cable-lateral-raise-video-exercise-guide-tips.jpg,https://gym-animations.com/wp-content/uploads/2026/02/Cable-Lateral-Raise.png,https://cdn.shopify.com/s/files/1/1214/7132/files/mt-cable-lateral-raise-900x675_05489ca8-5457-451c-a109-c173f4409a85.jpg?v=1707499502,https://workoutguru.fit/wp-content/uploads/2023/10/cable-leaning-lateral-raise-video-exercise-guide-tips-1536x864.jpg,https://workoutguru.fit/wp-content/uploads/2023/10/cable-one-arm-lateral-raise-video-exercise-guide-tips.jpg,https://liftmanual.com/wp-content/uploads/2023/04/cable-one-arm-lateral-raise.jpg,https://workoutguru.fit/wp-content/uploads/2023/10/cable-one-arm-lateral-raise-female-video-exercise-guide-tips.jpg,https://as2.ftcdn.net/v2/jpg/05/22/17/47/1000_F_522174743_ufv2sFHjJKcOSiXLidSFkzbZhm6KRxV7.jpg,https://workoutlabs.com/train/wp-content/uploads/2023/05/Single_Arm_Cable_Lateral_Side_Raise-c.svg
Shoulders,5,Cable Rear Delt Fly,"Shoulders, Posterior Deltoid, Middle Trapezius",A cable exercise isolating the posterior deltoid and mid-back muscles to improve shoulder balance and posture.,"1. Set two cables at chest height, cross the handles to opposite hands. 2. Stand centered with a slight forward lean. 3. Sweep the arms out and back in a wide arc, squeezing the shoulder blades. 4. Return slowly and repeat. Tip: Keep elbows slightly bent and avoid using momentum or heavy weight that shortens the range.",https://www.fitliferegime.com/wp-content/uploads/2022/04/Incline-Bench-Cable-Rear-Delt-fly.jpg,https://fitliferegime.com/wp-content/uploads/2022/04/One-Arm-High-Cable-Rear-Delt-Fly.webp,https://cdn.shopify.com/s/files/1/1633/7705/files/rear_delt_cable_fly.jpg?v=1709601602,https://fitnessvolt.com/wp-content/uploads/2022/09/Best-Cable-Rear-Delt-Exercises.jpg,https://i.ytimg.com/vi/MbiyWYDItR4/maxresdefault.jpg,https://static.vecteezy.com/system/resources/previews/015/708/497/original/man-doing-high-cable-rear-delt-fly-exercise-flat-illustration-isolated-on-white-background-vector.jpg,https://static.wixstatic.com/media/00b9a7_2febf72102194974b09ac31197cb505f~mv2.gif,https://backbayfit.com/wp-content/uploads/2025/02/The-Ultimate-Guide-to-The-Rear-Delt-Cable-Fly.webp,https://i.pinimg.com/originals/80/0c/54/800c54bef5f15a1e6eb888f3a2a93853.png,https://fitnessvolt.com/wp-content/uploads/2022/06/Standing-Cable-Rear-Delt-Fly.jpg
Shoulders,6,Dumbbell Front Raise,"Shoulders, Anterior Deltoid",An isolation exercise that targets the anterior (front) deltoid by raising dumbbells forward to shoulder height.,"1. Hold dumbbells in front of your thighs, palms facing in. 2. Keep a slight elbow bend and core braced. 3. Raise one or both arms forward to shoulder height. 4. Lower under control and repeat. Tip: Avoid swinging the weight up with momentum or leaning back to cheat the rep.",https://liftmanual.com/wp-content/uploads/2023/04/dumbbell-front-raise.jpg,https://weighttraining.guide/wp-content/uploads/2016/10/Dumbbell-Standing-Alternate-Front-Raise-resized.png,https://weighttraining.guide/wp-content/uploads/2017/08/Seated-Dumbbell-Front-Raise-resized.png,https://liftmanual.com/wp-content/uploads/2023/04/dumbbell-seated-front-raise.jpg,https://weighttraining.guide/wp-content/uploads/2017/07/seated-alternating-dumbbell-front-raise-resized.png,https://www.eatthis.com/wp-content/uploads/sites/4/2023/09/dumbbell-front-raise.jpeg?resize=272,https://www.aleanlife.com/wp-content/uploads/2023/02/dumbbell-front-raise.jpg,https://img.freepik.com/premium-vector/dumbbell-front-raise-men-gym-workout-fitness-aerobic-exercises_476141-2308.jpg?w=2000,https://www.shutterstock.com/shutterstock/photos/2327162161/display_1500/stock-photo-dumbbell-front-raise-shoulders-exercise-2327162161.jpg,https://fitliferegime.com/wp-content/uploads/2023/07/Dumbbell-Front-Raise.jpg
Shoulders,7,Dumbbell Lateral Raise,"Shoulders, Medial Deltoid",A classic isolation exercise for the medial deltoid that builds shoulder width by raising dumbbells out to the sides.,"1. Stand holding dumbbells at your sides, palms facing in. 2. Keep a slight elbow bend. 3. Raise both arms out to the sides to about shoulder height. 4. Lower slowly and repeat. Tip: Lead with the elbows and stop before shrugging the traps take over.",https://weighttraining.guide/wp-content/uploads/2016/05/dumbbell-lateral-raise-resized.png,https://liftmanual.com/wp-content/uploads/2023/04/dumbbell-lateral-raise.jpg,https://www.mensjournal.com/.image/t_share/MTk2MTM2ODAxMDE5MTEwNTQ1/26-lateral-raise.jpg,https://static.strengthlevel.com/images/illustrations/dumbbell-lateral-raise-2-1000x1000.jpg,https://weighttraining.guide/wp-content/uploads/2016/12/Seated-Dumbbell-Lateral-Raise-resized.png,https://gymgeek.com/wp-content/uploads/2024/02/seated-lateral-raises.png,https://liftmanual.com/wp-content/uploads/2023/04/dumbbell-seated-lateral-raise.jpg,https://hips.hearstapps.com/hmg-prod/images/lateral-raise-66ab78abd80e9.jpg?resize=980:*,https://liftmanual.com/wp-content/uploads/2023/04/dumbbell-standing-lateral-raise.jpg,https://weighttraining.guide/wp-content/uploads/2019/03/Dumbbell-One-Arm-Lateral-Raise-resized.png
Shoulders,8,Dumbbell Reverse Fly,"Shoulders, Posterior Deltoid, Trapezius",A bent-over isolation move that targets the posterior deltoid and upper back muscles for balanced shoulder development.,"1. Hinge at the hips holding dumbbells with a soft knee bend. 2. Let the arms hang with a slight elbow bend. 3. Raise the weights out to the sides, squeezing the shoulder blades together. 4. Lower under control and repeat. Tip: Keep the back flat and avoid using momentum from rocking the torso.",https://wellfitinsider.com/wp-content/uploads/2025/09/What-Is-the-Bent-Over-Dumbbell-Reverse-Fly.jpg,https://media1.popsugar-assets.com/files/thumbor/h5nFV1d6XYbssxO_3d-G1AnYCME/fit-in/2048xorig/filters:format_auto-!!-:strip_icc-!!-/2014/07/08/735/n/1922729/5de1b3c5c14cc442_bent-over-fly/i/Bent-Over-Reverse-Fly.jpg,https://liftmanual.com/wp-content/uploads/2023/04/dumbbell-reverse-fly.jpg,https://weighttraining.guide/wp-content/uploads/2016/05/Dumbbell-Rear-Lateral-Raise-resized.png,https://www.verywellfit.com/thmb/0OLkgM-Hi7TsQE2zN99H2hUDQr4=/1500x0/filters:no_upscale():max_bytes(150000):strip_icc()/standing-bent-over-dumbbell-reverse-fly-workout-496036282-d31f84b1667845768507505d08c34eea.jpg,https://weighteasyloss.com/wp-content/uploads/2019/04/57.jpg,https://weighttraining.guide/wp-content/uploads/2017/07/dumbbell-bent-over-lateral-raise-head-supported-resized.png,https://static.strengthlevel.com/images/illustrations/dumbbell-reverse-fly-1000x1000.jpg,https://workoutguru.fit/wp-content/uploads/2023/10/dumbbell-reverse-fly-video-exercise-guide-tips.jpg,https://static.vecteezy.com/system/resources/previews/024/236/036/original/man-doing-dumbbell-bent-over-chest-supported-reverse-flyes-vector.jpg
Shoulders,9,Landmine Press,"Shoulders, Anterior Deltoid, Medial Deltoid, Triceps","A pressing exercise using a barbell anchored in a landmine attachment, building shoulder and triceps strength with less joint stress.",1. Hold the barbell end at shoulder height with one or both hands. 2. Brace your core and stagger your stance. 3. Press the bar up and slightly forward along its arc. 4. Lower under control and repeat. Tip: Let the bar travel its natural arc rather than pressing it straight overhead.,https://fitliferegime.com/wp-content/uploads/2021/12/Landmine-Press.jpg,https://i.ytimg.com/vi/t9GuiNQo1O4/maxresdefault.jpg,https://hips.hearstapps.com/hmg-prod/images/half-kneeling-press-1671201562.jpg?resize=980:*,https://www.powrpersonaltraining.com/wp-content/uploads/2025/09/half-kneeling-landmine-press-step-2.png,https://www.bodybuildingmealplan.com/wp-content/uploads/Landmine-Shoulder-Exercises-Press.png,https://fitwill.app/api/image/5074?p=1&w=1920&h=1080,https://liftmanual.com/wp-content/uploads/2023/04/landmine-kneeling-squeeze-press.jpg,https://copilot-exercise-media.s3.us-east-2.amazonaws.com/1280_jpegs/barbell_landmine_press.jpeg,https://liftmanual.com/wp-content/uploads/2023/04/landmine-press.jpg,https://cdn.mos.cms.futurecdn.net/6ATJWo5RTrRxSLokmJsHAk.jpg
Shoulders,10,Machine Lateral Raise,"Shoulders, Medial Deltoid","A machine-based isolation exercise that targets the medial deltoid with a fixed, supported movement path.",1. Sit with the pads against the outside of your upper arms and torso against the back pad. 2. Set a moderate weight. 3. Raise the arms out to shoulder height. 4. Lower under control and repeat. Tip: Avoid using your shoulders to shrug the weight up; let the delts do the work.,https://fitnessvolt.com/wp-content/uploads/2022/11/Machine-Lateral-Raise-Exercise-Target-Muscle.jpg,https://static.vecteezy.com/system/resources/previews/021/781/021/original/man-doing-seated-lateral-raise-machine-power-partials-exercise-vector.jpg,https://gymgeek.com/wp-content/uploads/2024/02/machine-lateral-raises.png,https://cdn.athlemove.com/eb5045e3-f66a-4eb6-b62f-0c460c7f4cb4.webp?width=3840&signature=1ea663172c93ef2eb2844b3d7df7aa3b6c19b5fdba87de45439670cd05398522,https://clife.com.au/wp-content/uploads/2024/03/0R4A0011-2.jpg,https://static.vecteezy.com/system/resources/previews/021/781/023/original/woman-doing-seated-lateral-raise-machine-power-partials-exercise-vector.jpg,https://fitwill.app/api/image/3629?p=1&w=1920&h=1080,https://gmwdfitness.com/cdn/shop/files/gmwd-lateral-raise-standing-multi-flight-machine-unilateral-training.jpg?v=1737545814&width=1601,https://gmwdfitness.com/cdn/shop/files/gmwd-lateral-raise-standing-multi-flight-machine-bilateral-training.jpg?v=1737545814&width=1600,https://www.gymequip.eu/wp-content/uploads/2015/10/Lateral-Shoulder-Raise-Machine-.jpg
Shoulders,11,Pike Push-Up,"Shoulders, Anterior Deltoid, Medial Deltoid, Triceps",A bodyweight pressing exercise in a bent-over V position that emphasizes the shoulders and triceps.,"1. Start in a downward-dog position, hips high, hands shoulder-width apart. 2. Bend the elbows to lower your head toward the floor. 3. Press back up to the start. 4. Repeat for reps. Tip: Keep hips high throughout so the load stays on the shoulders rather than the chest.",https://liftmanual.com/wp-content/uploads/2023/04/pike-push-up.jpg,https://weighttraining.guide/wp-content/uploads/2021/07/Pike-push-up.png,https://www.spotebi.com/wp-content/uploads/2016/03/pike-push-up-exercise-illustration-spotebi.jpg,https://julielohre.com/wp-content/uploads/2018/02/PikePushUp.jpg,https://gymless.org/wp-content/uploads/2023/07/pike-pushups-6-1024x1024.webp,https://hiitacademy.com/wp-content/uploads/2015/02/pike_push_ups-1024x465.jpg,https://fitwill.app/api/image/2832?p=1&w=1920&h=1080,https://i.pinimg.com/originals/d1/40/27/d140270d096dbc2890f4950f72d07710.jpg,https://i.ytimg.com/vi/x7_I5SUAd00/maxresdefault.jpg,https://cdn.we-go-wild.com/2022/06/30082448/pike-push-up-ausfuehrung-1-e1656573155899.jpg
Shoulders,12,Reverse Pec Deck / Machine Rear Delt Fly,"Shoulders, Posterior Deltoid, Rhomboids, Middle Trapezius",A machine exercise isolating the posterior deltoid and rhomboids by pulling the arms backward against pads.,"1. Sit facing the pad with chest against it, grip the handles. 2. Keep a slight elbow bend. 3. Pull the arms out and back in an arc, squeezing the shoulder blades. 4. Return slowly and repeat. Tip: Keep the movement controlled; don't let the weight stack slam on the return.",https://fitkulture.com/wp-content/uploads/2025/02/machine-rear-delt-fly-benefits.png,https://fitliferegime.com/wp-content/uploads/2023/06/Rear-Delt-Machine-Fly-Muscle-Worked.jpg,https://www.gymequip.eu/wp-content/uploads/2015/10/Pec-Fly-Rear-Delt-Machine.jpg,https://i.ytimg.com/vi/XQdwBp-Jl0M/maxresdefault.jpg,https://cdn.shopify.com/s/files/1/1633/7705/files/reverse_pec_deck_machine.jpg?v=1709601736,https://intowellness.in/wp-content/uploads/2024/10/Rear_Delt_Workout_Machine.jpg,https://bodybuilding-wizard.com/wp-content/uploads/2026/04/reverse-pec-deck-fly-muscles-worked.jpg,https://www.gymandfitness.com.au/cdn/shop/products/05_6a4396bc-b57d-4664-8ac9-f3e25b25f5f6_1024x1024.jpg?v=1656305425,https://i.ytimg.com/vi/6cHY60y7QRU/maxresdefault.jpg,https://i5.walmartimages.com/seo/Syedee-Chest-Fly-Reverse-Delt-Machine-400-LBS-Upper-Body-Specialty-Machine-Plate-Loaded-PEC-Fly-Machine-Pectoral-Rear-Deltoid-Home-Gym_0b70ebfd-7c82-4a77-85d6-0493eb5ee5d4.830e0c7a8779a2d725d69af851e87cfc.jpeg
Shoulders,13,Seated Dumbbell / Barbell Shoulder Press,"Shoulders, Anterior Deltoid, Medial Deltoid, Triceps",A compound overhead pressing exercise that builds the anterior and medial deltoids along with the triceps.,"1. Sit with back supported, holding dumbbells or a barbell at shoulder height. 2. Brace your core. 3. Press the weight straight overhead until arms are extended. 4. Lower under control and repeat. Tip: Avoid excessive lower back arch; keep ribs down and press in a straight vertical line.",https://static.strengthlevel.com/images/exercises/seated-dumbbell-shoulder-press/seated-dumbbell-shoulder-press-800.jpg,https://liftmanual.com/wp-content/uploads/2023/04/dumbbell-seated-shoulder-press.jpg,https://weighttraining.guide/wp-content/uploads/2021/09/Seated-dumbbell-one-arm-shoulder-press.png,https://gymgeek.com/wp-content/uploads/2024/02/seated-dumbbell-shoulder-press.png,https://weighttraining.guide/wp-content/uploads/2016/10/seated-barbell-overhead-press-resized.png,https://www.puregym.com/media/kykgxvyx/how-to-seated-dumbbell-press.jpg?quality=80,https://cdn-ami-drupal.heartyhosting.com/sites/muscleandfitness.com/files/seated_dumbbell_overhead_press_main.jpg,https://weighttraining.guide/wp-content/uploads/2016/05/Dumbbell-Shoulder-Press-resized.png,https://www.g4physio.co.uk/wp-content/uploads/2016/11/SEATED-DB-SHOULDER-PRESS-2-e1486715639514.jpg,https://homegymreview.co.uk/wp-content/uploads/exercises/35471101-Dumbbell-Seated-Biceps-Curl-to-Shoulder-Press_Shoulders_max-scaled.jpg
Shoulders,14,Smith Machine Shoulder Press,"Shoulders, Anterior Deltoid, Medial Deltoid, Triceps",A guided-bar variation of the overhead press that trains the deltoids and triceps with a fixed movement path.,"1. Sit or stand under the bar with a shoulder-width grip. 2. Unrack and lower the bar to upper chest or chin level. 3. Press it back up to full elbow extension. 4. Repeat for reps. Tip: Position the bench so the bar path stays in line with your shoulders, not out in front.",https://pelank.com/wp-content/uploads/2025/12/Smith-Machine-Shoulder-Press.webp,https://bodybuilding-wizard.com/wp-content/uploads/2018/09/smith-machine-shoulder-press-exercise-instructions-3.jpg,https://weighttraining.guide/wp-content/uploads/2021/02/Seated-Smith-machine-behind-the-neck-shoulder-press.png,https://www.bodybuildingmealplan.com/wp-content/uploads/Smith-Machine-Shoulder-Press-Form-Bottom.jpg,https://weighttraining.guide/wp-content/uploads/2018/09/Smith-machine-standing-overhead-press-resized.png,https://fitliferegime.com/wp-content/uploads/2022/10/Smith-Machine-Shoulder-Press.jpg,https://assets.sweat.com/shopify_articles/images/000/002/557/original/Smith_Machine_Press03efa4755de182103017b94a4c10aaad.png?1563421995,https://blog.dynamofitness.com.au/wp-content/uploads/2022/12/Smith-Machine-Shoulder-Press-Behind-Head-1024x576.jpg,https://the-optimal-you.com/wp-content/uploads/2017/04/the-optimal-you-incline-shoulder-press-smith-machine.jpg,https://i.ytimg.com/vi/WvLMauqrnK8/maxresdefault.jpg
Shoulders,15,Wall Slide,"Shoulders, Serratus Anterior, Lower Trapezius",A mobility and activation drill for the shoulders that improves scapular control and posture using the serratus anterior and lower trapezius.,"1. Stand with back, head and arms against a wall, elbows and wrists touching it. 2. Slide the arms upward as high as possible while keeping contact. 3. Slide back down to the start. 4. Repeat for reps. Tip: Keep ribs down and lower back flat against the wall to avoid arching.",https://fitliferegime.com/wp-content/uploads/2022/10/Wall-Slides.jpg,https://liftmanual.com/wp-content/uploads/2023/04/serratus-wall-slide.jpg,https://wellfitinsider.com/wp-content/uploads/2026/03/Wall-Slides-A-Simple-Shoulder-Exercise-for-Better-Posture.jpg,https://liftmanual.com/wp-content/uploads/2023/04/one-arm-against-wall.jpg,https://sosphysiotherapy.ca/wp-content/uploads/2022/08/wall-slide-lift-off-step-3-A-and-B.jpg,https://i.ytimg.com/vi/4QqcbCjnnlw/maxresdefault.jpg,https://fitliferegime.com/wp-content/uploads/2022/10/scapular-wall-slides.jpg,https://fitwill.app/api/image/5024?p=1&w=1920&h=1080,https://comebackperformancept.com/wp-content/uploads/2025/08/Exercise-2-Wall-slides-600x516.jpg,https://i.ytimg.com/vi/SorMbxNl-Zc/maxresdefault.jpg
Shoulders,16,Y-Raise (Prone or Incline),"Shoulders, Lower Trapezius, Posterior Deltoid, Serratus Anterior",A light raise performed lying face-down or on an incline bench that strengthens the lower trapezius and posterior deltoid for better shoulder posture.,"1. Lie face-down on an incline bench or floor, arms hanging with thumbs up. 2. Raise the arms overhead in a Y shape. 3. Squeeze the upper back at the top. 4. Lower under control and repeat. Tip: Use very light weight; this exercise is about control and scapular movement, not load.",https://fitwill.app/api/image/5822?p=1&w=1920&h=1080,https://liftmanual.com/wp-content/uploads/2023/04/dumbbell-incline-y-raise.jpg,https://weighttraining.guide/wp-content/uploads/2023/04/Prone-incline-dumbbell-front-raise.png,https://workoutguru.fit/wp-content/uploads/2023/10/dumbbell-incline-y-raise-video-exercise-guide-tips-1536x864.jpg,https://images.squarespace-cdn.com/content/v1/5f5e8592d2b0854b18af6975/6a292ca2-33bc-4931-bb8a-eac031a054fd/incline+bench+y+raise.jpg,https://i.ytimg.com/vi/cmw34H8DRmc/maxresdefault.jpg,https://bodybuilding-wizard.com/wp-content/uploads/2025/01/prone-incline-dumbbell-front-raise-exercise.jpg,https://liftmanual.com/wp-content/uploads/2023/04/dumbbell-incline-rear-lateral-raise-1024x538.jpg,https://liftmanual.com/wp-content/uploads/2023/04/dumbbell-incline-front-raise.jpg,https://liftmanual.com/wp-content/uploads/2023/04/dumbbell-reverse-grip-incline-bench-two-arm-row.jpg
Biceps,1,Barbell / EZ-Bar Biceps Curl,"Biceps, Biceps Brachii, Brachialis, Biceps Short Head, Biceps Long Head",A classic compound biceps exercise using a barbell or EZ-bar to build overall biceps mass and strength.,"1. Stand holding the bar with an underhand, shoulder-width grip. 2. Keep elbows tucked at your sides. 3. Curl the bar up toward your shoulders. 4. Lower under control and repeat. Tip: Avoid swinging your torso or flaring elbows forward to cheat the weight up.",https://weighttraining.guide/wp-content/uploads/2016/10/EZ-Barbell-Curl-resized.png,https://homegymreview.co.uk/wp-content/uploads/exercises/04461101-EZ-Barbell-Close-grip-Curl_Upper-Arms_max-scaled.jpg,https://i.pinimg.com/originals/ef/01/49/ef0149e494e66c1352f8db89abc6a659.png,https://www.mensfitness.com/.image/t_share/MTk2MTM2NzUxNjI1MjE3NTQx/1-ez-bar-curl.jpg,https://liftmanual.com/wp-content/uploads/2023/04/ez-barbell-curl.jpg,https://static.strengthlevel.com/images/illustrations/ez-bar-curl-1000x1000.jpg,https://fitnessvolt.com/wp-content/uploads/2021/09/ez-bar-biceps-curls.jpg,https://i.pinimg.com/originals/91/43/fd/9143fd12453f24cfa1506a1b9a7a9d4b.png,https://i.pinimg.com/originals/1c/a5/bf/1ca5bfffb7a9b28823565177e475da19.jpg,https://i.ytimg.com/vi/zG2xJ0Q5QtI/maxresdefault.jpg
Biceps,2,Bayesian Cable Curl,"Biceps, Biceps Brachii, Biceps Long Head","A cable curl performed standing away from a low pulley with the arm behind the body, emphasizing the long head of the biceps through a stretched position.","1. Stand facing away from a low cable, arm extended behind you. 2. Keep the elbow slightly back and fixed. 3. Curl the handle up toward your shoulder. 4. Lower slowly to feel the stretch. Tip: Keep the elbow pinned behind your torso; letting it drift forward reduces the stretch benefit.",https://bodybuilding-wizard.com/wp-content/uploads/2026/02/bilateral-bayesian-cable-curl.jpg,https://api.smartworkout.app/asset/image/136432ea-c08e-4650-90d2-0c4ce1ec5a39,https://bodybuilding-wizard.com/wp-content/uploads/2026/02/bayesian-cable-curl-complete-guide.jpg,https://fitliferegime.com/wp-content/uploads/2023/09/Bayesian-Curl.gif,https://fitliferegime.com/wp-content/uploads/2022/02/Behind-The-Back-Cable-Curl-Bayesian-Curl.jpg,https://bodybuilding-wizard.com/wp-content/uploads/2026/02/bayesian-curl-exercise.jpg,https://criticalbody.com/wp-content/uploads/2021/12/bayesian-curl-dec21.jpg,https://fitnessdrum.com/wp-content/uploads/2026/02/Bayesian-Face-Away-Cable-Curls.png,https://i.ytimg.com/vi/S6HnE1fDlaI/maxresdefault.jpg?sqp=-oaymwEmCIAKENAF8quKqQMa8AEB-AH-CYAC0AWKAgwIABABGGUgZShlMA8=&rs=AOn4CLAXo4qXLceiHmqcKUi9sr5sD20RGA,https://i.redd.it/jawfyh5fxkwc1.jpeg
Biceps,3,Cable Curl (Straight Bar),"Biceps, Biceps Brachii, Brachialis, Biceps Short Head, Biceps Long Head",A cable-based biceps curl using a straight bar attachment that keeps constant tension on the biceps through the full range.,"1. Stand facing a low pulley, gripping the straight bar underhand. 2. Keep elbows tucked at your sides. 3. Curl the bar up toward your shoulders. 4. Lower under control and repeat. Tip: Keep the tension on the biceps by not locking out or resting at the bottom.",https://homegymreview.co.uk/wp-content/uploads/exercises/16071101-Cable-Biceps-Curl-SZ-bar_Upper-arms_max-scaled.jpg,https://s3assets.skimble.com/assets/2531299/image_iphone.jpg,https://cdn.shopify.com/s/files/1/0269/5551/3900/files/Straight-Bar-Low-Pulley-Cable-Curl_600x600.png?v=1619978455,https://cdn.muscleandstrength.com/sites/default/files/cable-curl.jpg,https://cdn.shopify.com/s/files/1/0090/4773/6378/files/How_to_Do_a_Standard_Biceps_Cable_Curl_a76b1219-c249-4cd6-888e-30efa27e3e32.jpg?v=1655995230,https://fitwill.app/api/image/2953?p=1&w=1024&h=576,https://workoutguru.fit/wp-content/uploads/2023/10/cable-biceps-curl-sz-bar-video-exercise-guide-tips.jpg,https://i.ytimg.com/vi/2TBcddbf9rM/maxresdefault.jpg,https://pbs.twimg.com/media/ETazeVwX0AALFp5.jpg,https://cdn.shopify.com/s/files/1/0090/4773/6378/files/EZ_Bar_Bicep_Cable_Curls.jpg?v=1655814652
Biceps,4,Cable Preacher Curl,"Biceps, Biceps Brachii, Brachialis, Biceps Short Head",A cable curl performed on a preacher bench that isolates the biceps by fixing the upper arm and removing momentum.,"1. Set the preacher pad in front of a low cable pulley. 2. Rest the back of your upper arm on the pad, gripping the handle. 3. Curl the handle up toward your shoulder. 4. Lower slowly without letting the arm fully slam straight. Tip: Don't let the elbow lift off the pad; that shifts work away from the biceps.",https://weighttraining.guide/wp-content/uploads/2017/08/Cable-Preacher-Curl-resized.png,https://fitnessvolt.com/wp-content/uploads/2024/10/cable-one-arm-preacher-curl-1633.jpg,https://app-media.fitbod.me/v2/66/images/landscape/0_960x540.jpg,https://cdn.athlemove.com/ba57bae0-c3dd-4417-a79a-aec8383450d7.webp?width=3840&signature=4ef61766433468ceb173e46eba7a955432796cd7af725030dcb6d56daecd3889,https://bodybuilding-wizard.com/wp-content/uploads/2015/01/cable-preacher-curl-exercise.jpg,https://liftmanual.com/wp-content/uploads/2023/04/cable-preacher-curl.jpg,https://cdn.shopify.com/s/files/1/0090/4773/6378/files/Cable_Preacher_Bicep_Curl.jpg?v=1655821428,https://fitwill.app/api/image/5297?p=1&w=1920&h=1080,https://workoutguru.fit/wp-content/uploads/2023/10/cable-preacher-curl-rope-attachment-video-exercise-guide-tips.jpg,https://savedollar.us/wp-content/uploads/2022/05/Cable-rope-preacher-hammer-curl.jpg
Biceps,5,Cable Rope Hammer Curl,"Biceps, Biceps Brachii, Brachialis, Brachioradialis, Biceps Long Head","A neutral-grip cable curl using a rope attachment that targets the biceps, brachialis and forearms.",1. Stand facing a low pulley holding the rope ends with palms facing each other. 2. Keep elbows tucked at your sides. 3. Curl the rope up toward your shoulders. 4. Lower under control and repeat. Tip: Keep your wrists neutral throughout; don't let them rotate as you curl.,https://cdn.shopify.com/s/files/1/0090/4773/6378/files/Cable_Rope_Bicep_Hammer_Curl_b202b76d-f42b-43d2-b4f9-8890fafa41a8.jpg?v=1655995230,https://s3.amazonaws.com/prod.skimble/assets/1819011/image_iphone.jpg,https://www.gofitnessplan.com/images/exercises/female/rope-hammer-curl-cable-biceps.jpg,https://workoutguru.fit/wp-content/uploads/2023/10/cable-hammer-curl-with-rope-male-video-exercise-guide-tips.jpg,https://fitnessstars.weebly.com/uploads/5/8/8/7/58879495/9218598_orig.jpg,https://criticalbody.com/wp-content/uploads/2021/12/cable-rope-hammer-curls-dec21-1024x576.jpg,https://www.aleanlife.com/wp-content/uploads/2022/03/cable-hammer-curls.jpg,https://weighteasyloss.com/wp-content/uploads/2019/05/423-1-539x1024.jpg,https://app-media.fitbod.me/v2/3101/images/landscape/0_960x540.jpg,https://static.vecteezy.com/system/resources/previews/015/708/432/original/man-doing-rope-bicep-hammer-curl-flat-illustration-isolated-on-different-layers-workout-character-vector.jpg
Biceps,6,Concentration Curl,"Biceps, Biceps Brachii, Biceps Short Head",A single-arm dumbbell curl performed seated with the elbow braced against the inner thigh for strict biceps isolation.,"1. Sit on a bench, lean forward, and brace your elbow against the inside of your thigh. 2. Hold a dumbbell with an underhand grip, arm extended. 3. Curl the weight up toward your shoulder. 4. Lower under control and repeat. Tip: Keep the upper arm still throughout; only the forearm should move.",https://weighttraining.guide/wp-content/uploads/2016/05/Dumbbell-Concentration-Curl-resized.png,https://i.pinimg.com/originals/ea/2a/85/ea2a850af6ade8cfd14cb8f639f09039.jpg,https://weighttraining.guide/wp-content/uploads/2022/03/Dumbbell-concentration-curl-on-a-stability-ball.png,https://liftmanual.com/wp-content/uploads/2023/04/kettlebell-concentration-curl.jpg,https://workoutguru.fit/wp-content/uploads/2023/10/dumbbell-concentration-curl-video-exercise-guide-tips-1024x576.jpg,https://fitwill.app/api/image/0418?p=1&w=1920&h=1080,https://media.istockphoto.com/id/1309364553/vector/concentration-biceps-curl-exercise-strength-workout-vector-illustration.jpg?s=1024x1024&w=is&k=20&c=1I-WbNYm8yfldfHn8xo5GBpmUDP_b71nXOi-g3jfNP4=,https://weighttraining.guide/wp-content/uploads/2022/04/Standing-barbell-concentration-curl.png,https://www.spotebi.com/wp-content/uploads/2016/03/concentration-curl-exercise-illustration-spotebi.jpg,https://gym-animations.com/wp-content/uploads/2026/02/Cable-Concentration-Curl.png
Biceps,7,Cross-Body Hammer Curl,"Biceps, Brachialis, Brachioradialis","A dumbbell curl where the weight is brought across the body toward the opposite shoulder, emphasizing the brachialis and brachioradialis.",1. Stand holding a dumbbell with a neutral grip at your side. 2. Keep the elbow tucked. 3. Curl the dumbbell up and across your body toward the opposite shoulder. 4. Lower under control and repeat on both sides. Tip: Keep the elbow pinned to your ribs so the shoulder doesn't assist the lift.,https://weighttraining.guide/wp-content/uploads/2016/10/Dumbbell-cross-body-hammer-curl.png,https://i.pinimg.com/originals/69/bc/1a/69bc1aa8abe2e0434a0bc2401cba5821.png,https://fitnessvolt.com/wp-content/uploads/2018/04/dumbbell-cross-body-hammer-curl.jpg,https://thumbs.dreamstime.com/z/exercising-cross-body-hammer-curls-bodybuilding-target-muscles-marked-red-initial-final-steps-68285511.jpg,https://homegymreview.co.uk/wp-content/uploads/exercises/16571101-Dumbbell-Cross-Body-Hammer-Curl-Version-2_Upper-Arms_max-scaled.jpg,https://liftmanual.com/wp-content/uploads/2023/04/dumbbell-hammer-curl-768x403.jpg,https://liftmanual.com/wp-content/uploads/2023/04/dumbbell-cross-body-hammer-curl.jpg,https://fitwill.app/api/image/2646?p=1&w=1024&h=576,https://i.ytimg.com/vi/jQgl3niYeds/maxresdefault.jpg,https://miro.medium.com/v2/resize:fit:1358/1*HW9UnibtGJ2Q2XjYl446cw.jpeg
Biceps,8,Dumbbell Hammer Curl,"Biceps, Biceps Brachii, Brachialis, Brachioradialis, Biceps Long Head",A neutral-grip dumbbell curl that emphasizes the brachialis and brachioradialis alongside the biceps.,"1. Stand holding dumbbells at your sides with palms facing each other. 2. Keep elbows tucked. 3. Curl both weights up toward your shoulders. 4. Lower under control and repeat. Tip: Keep wrists straight and neutral throughout, don't let them rotate into a regular curl.",https://weighttraining.guide/wp-content/uploads/2016/11/Dumbbell-Hammer-Curl-resized.png,https://julielohre.com/wp-content/uploads/2018/07/Hammer-Curl-Bicep-Exercise-for-Women.jpg,https://homegymreview.co.uk/wp-content/uploads/exercises/22391101-Dumbbell-Hammer-Curl-female_Upper-Arms_max-scaled.jpg,https://liftmanual.com/wp-content/uploads/2023/04/dumbbell-hammer-curl.jpg,https://julielohre.com/wp-content/uploads/2018/07/How-to-do-Hammer-Curls.jpg,https://cdn.athlemove.com/35545596-afdc-462a-bbe9-5a072c6faf3b.webp?width=3840&signature=55447080c253d41998003dcbf383e2ca1620a2c8378abdc78c7e9a2bcf0b11e1,https://cdn.shopify.com/s/files/1/0090/4773/6378/files/Dumbbell_Hammer_Curls.png?v=1666790181,https://weighttraining.guide/wp-content/uploads/2021/10/Incline-Dumbbell-Hammer-Curl.png,https://hips.hearstapps.com/hmg-prod/images/hammer-curl-1676641906.jpg?resize=980:*,https://liftmanual.com/wp-content/uploads/2023/04/dumbbell-seated-hammer-curl-1024x538.jpg
Biceps,9,Dumbbell Preacher Curl,"Biceps, Biceps Brachii, Brachialis",A single-arm or double-arm dumbbell curl on a preacher bench that isolates the biceps by eliminating swing.,"1. Rest the back of your upper arm on a preacher pad, holding a dumbbell underhand. 2. Extend the arm fully at the bottom. 3. Curl the weight up toward your shoulder. 4. Lower slowly and repeat. Tip: Don't let the elbow lift off the pad or fully hyperextend at the bottom.",https://weighttraining.guide/wp-content/uploads/2019/10/Dumbbell-preacher-curl-resized-1.png,https://fitnessvolt.com/wp-content/uploads/2019/04/dumbbell-preacher-curl.jpg,https://static.strengthlevel.com/images/illustrations/one-arm-dumbbell-preacher-curl-1000x1000.jpg,https://weighttraining.guide/wp-content/uploads/2017/07/standing-dumbbell-preacher-curl.png,https://weighttraining.guide/wp-content/uploads/2017/01/Dumbbell-Peacher-Hammer-Curl-resized.png,https://liftmanual.com/wp-content/uploads/2023/04/dumbbell-one-arm-zottman-preacher-curl-1024x538.jpg,https://static.vecteezy.com/system/resources/previews/035/554/264/large_2x/man-doing-seated-dumbbell-preacher-bicep-hammer-curls-exercise-vector.jpg,https://workoutguru.fit/wp-content/uploads/2023/10/dumbbell-preacher-curl-female-video-exercise-guide-tips-1024x576.jpg,https://workoutguru.fit/wp-content/uploads/2023/10/dumbbell-hammer-preacher-curl-video-exercise-guide-tips.jpg,https://workoutguru.fit/wp-content/uploads/2023/10/dumbbell-one-arm-hammer-preacher-curl-video-exercise-guide-tips-1024x576.jpg
Biceps,10,EZ-Bar Preacher Curl,"Biceps, Biceps Brachii, Brachialis",A preacher-bench curl using an EZ-bar that isolates the biceps while easing wrist strain with its angled grip.,"1. Rest your upper arms on the preacher pad, gripping the EZ-bar underhand. 2. Extend the arms at the bottom without locking out hard. 3. Curl the bar up toward your shoulders. 4. Lower under control and repeat. Tip: Avoid bouncing out of the bottom stretch position; control the descent.",https://liftmanual.com/wp-content/uploads/2023/04/ez-barbell-preacher-curl.jpg,https://i.pinimg.com/originals/f9/6b/43/f96b430824d0bb6b8f392341e5939b0b.png,https://cdn4.vectorstock.com/i/1000x1000/24/33/woman-doing-ez-bar-preacher-curls-exercise-vector-38492433.jpg,https://bodybuilding-wizard.com/wp-content/uploads/2014/07/ez-bar-preacher-curl.jpg,https://cdn.athlemove.com/4f711714-5297-4c3b-a002-7d592290f573.webp?width=3840&signature=b630de097798e490fa78e85d545ac381ef127d95dd37e2b8675c2238bf27e424,https://gymvisual.com/12072/ez-barbell-close-grip-preacher-curl.jpg,https://valorfitness.com/cdn/shop/products/mb-47-ez-curl-bar-5.jpg?v=1691435414,https://bodybuilding-wizard.com/wp-content/uploads/2014/07/preacher-curls-biceps-5-0.jpg,https://cdn.muscleandstrength.com/sites/default/files/ez-bar-preacher-curl.jpg,https://criticalbody.com/wp-content/uploads/2021/12/seated-ez-bar-preacher-curl-dec21.jpg
Biceps,11,Incline Dumbbell Biceps Curl,"Biceps, Biceps Brachii, Biceps Long Head",A curl performed lying back on an incline bench that stretches the long head of the biceps for greater emphasis.,"1. Lie back on an incline bench, arms hanging straight down holding dumbbells. 2. Keep elbows back, in line with your torso. 3. Curl the weights up toward your shoulders. 4. Lower under control, feeling the stretch. Tip: Resist letting your elbows drift forward, which reduces the stretch and shifts tension off the biceps.",https://fitwill.app/api/image/2493?p=1&w=1920&h=1080,https://image.boxrox.com/2019/06/Incline-Dumbbell-Curl.png,https://static.strengthlevel.com/images/illustrations/incline-dumbbell-curl-1000x1000.jpg,https://i.pinimg.com/originals/35/0c/44/350c443f6d47803b43927c8b6935e8de.jpg,https://cdn.athlemove.com/70f8ef73-a41c-48fd-9d74-26425bcf439a.webp?width=3840&signature=f1033166f383f7e5ccb32552ee5d385a759a0137a121df4d11a74eb6a67be5aa,https://homegymreview.co.uk/wp-content/uploads/exercises/03221101-Dumbbell-Incline-Inner-Biceps-Curl_Upper-Arms_max-scaled.jpg,https://workoutguru.fit/wp-content/uploads/2023/10/dumbbell-incline-biceps-curl-female-video-exercise-guide-tips-3-1536x864.jpg,https://workoutguru.fit/wp-content/uploads/2023/10/dumbbell-incline-alternate-bicep-curl-video-exercise-guide-tips-1024x576.jpg,https://s3assets.skimble.com/assets/2634590/image_iphone.jpg,https://savedollar.us/wp-content/uploads/2024/04/Incline-Dumbbell-Curl.jpg
Biceps,12,Machine Biceps Curl,"Biceps, Biceps Brachii, Brachialis","A machine-guided curl that isolates the biceps with a fixed path, useful for consistent tension and less stabilization demand.",1. Sit and adjust the seat so your elbows align with the machine's pivot. 2. Grip the handles. 3. Curl the handles up toward your shoulders. 4. Lower under control and repeat. Tip: Keep your upper arms pressed against the pad throughout the movement.,https://cdn.athlemove.com/9f1c4194-8cac-4071-8a9a-b8bae6e23171.webp?width=3840&signature=e4350455fc8cfc4107cd056d99f3dfbb99219bab8ad5a021289aa5d528d8385f,https://training.fit/wp-content/uploads/2020/02/preacher-curls-machine.png,https://static.strengthlevel.com/images/illustrations/machine-bicep-curl-1000x1000.jpg,https://bodybuilding-wizard.com/wp-content/uploads/2015/01/machine-biceps-curl-exercise-1.jpg,https://intowellness.in/wp-content/uploads/2024/10/Biceps_Curl_Machine-8.jpg,https://fitdir.com/wp-content/uploads/2012/12/Body-Solid-ProClub-Series-2-Arm-Curl-Machine1.jpg,https://i.ytimg.com/vi/6UUvRYsDyEU/maxresdefault.jpg,https://www.zing.coach/_next/image?url=%2Fexercises%2Fmachine-bicep-curls.webp&w=640&q=75,https://gmwdfitness.com/cdn/shop/files/gmwd-bicep-curl-machine-pb03-dumbbell-bicep-curl.jpg?v=1722947799&width=1600,https://liftmanual.com/wp-content/uploads/2023/04/lever-bicep-curl.jpg
Biceps,13,Machine Preacher Curl,"Biceps, Biceps Brachii, Brachialis, Biceps Short Head","A machine version of the preacher curl that isolates the biceps, particularly the short head, with a supported upper arm.",1. Sit and rest your upper arms on the machine's preacher pad. 2. Grip the handles with an underhand grip. 3. Curl the handles up toward your shoulders. 4. Lower slowly and repeat. Tip: Keep the movement slow on the way down; don't let the weight stack drop quickly.,https://weighttraining.guide/wp-content/uploads/2019/03/Machine-preacher-curl-2.png,https://masteryfitness.com/cdn/shop/products/S2AC_EX_M__21547.png?v=1564073992,https://liftmanual.com/wp-content/uploads/2023/04/ez-barbell-preacher-curl.jpg,https://i.ytimg.com/vi/F33L5PuiCH8/maxresdefault.jpg,https://liftmanual.com/wp-content/uploads/2023/04/lever-preacher-curl.jpg,https://static.vecteezy.com/system/resources/previews/023/686/369/original/man-doing-machine-bicep-preacher-or-concentration-curls-arm-biceps-exercise-isolated-on-white-background-and-layers-workout-character-vector.jpg,https://gmwdfitness.com/cdn/shop/files/gmwd-bicep-curl-machine-pb03-machine-v-handle.jpg?v=1722947799&width=1200,https://fitnessdergisi.com/wp-content/uploads/2023/02/Preacher-Curl-Nasil-Yapilir-Hangi-Kaslari-Gelistirir-3.jpg,https://i.ytimg.com/vi/g7hiWfUH6i8/maxresdefault.jpg,https://the-optimal-you.com/wp-content/uploads/2017/01/the-optimal-you-machine-preacher-curl.jpg
Biceps,14,Reverse Curl (Barbell / EZ-Bar),"Biceps, Brachialis, Brachioradialis, Forearms","A curl performed with an overhand grip that shifts emphasis to the brachialis, brachioradialis and forearm extensors.","1. Stand holding a barbell or EZ-bar with an overhand, shoulder-width grip. 2. Keep elbows tucked at your sides. 3. Curl the bar up toward your shoulders. 4. Lower under control and repeat. Tip: Use lighter weight than a regular curl since the grip is mechanically weaker.",https://weighttraining.guide/wp-content/uploads/2017/09/EZ-bar-reverse-curl-resized.png,https://cdn.shopify.com/s/files/1/1497/9682/files/Reverse_Curl_with_EZ_Bar.jpg?v=1670421228,https://fitliferegime.com/wp-content/uploads/2022/03/EZ-bar-reverse-grip-curl.jpg,https://liftmanual.com/wp-content/uploads/2023/04/barbell-reverse-curl.jpg,https://workoutguru.fit/wp-content/uploads/2023/10/ez-bar-seated-wrist-reverse-curl-video-exercise-guide-tips.jpg,https://i.pinimg.com/originals/ef/01/49/ef0149e494e66c1352f8db89abc6a659.png,https://cdn.prod.website-files.com/5c34b1d990599d5d94b3e8d8/5fd18f4044745682a73700ea_04511201-EZ-Barbell-Reverse-Grip-Curl-Forearms.jpeg,https://weighttraining.guide/wp-content/uploads/2018/08/EZ-bar-reverse-preacher-curl-2-resized.png,https://i.pinimg.com/736x/32/cf/a4/32cfa4556da535846784ae6760da40c4.jpg,https://app-media.fitbod.me/v2/136/images/landscape/0_960x540.jpg
Biceps,15,Seated Dumbbell Curl,"Biceps, Biceps Brachii, Brachialis",A seated variation of the dumbbell curl that removes leg drive and body momentum for stricter biceps work.,"1. Sit on a bench holding dumbbells at your sides, palms facing forward. 2. Keep elbows tucked. 3. Curl the weights up toward your shoulders. 4. Lower under control and repeat. Tip: Sitting removes the ability to swing your legs or torso for momentum, so keep reps strict.",https://homegymreview.co.uk/wp-content/uploads/exercises/16771101-Dumbbell-Seated-Bicep-Curl_Upper-Arms_max-scaled.jpg,https://homegymreview.co.uk/wp-content/uploads/exercises/22401101-Dumbbell-Seated-Curl-female_Upper-Arms_max-scaled.jpg,https://weighttraining.guide/wp-content/uploads/2021/09/Seated-Alternating-dumbbell-Curl.png,https://static.vecteezy.com/system/resources/previews/054/526/613/large_2x/man-doing-seated-both-arms-dumbbell-bicep-curls-exercise-vector.jpg,https://app-media.fitbod.me/v2/303/images/landscape/0_960x540.jpg,https://static.vecteezy.com/system/resources/previews/035/554/297/non_2x/man-doing-seated-dumbbell-bicep-hammer-curls-exercise-vector.jpg,https://fitwill.app/api/image/2643?p=1&w=1920&h=1080,https://fitnessvolt.com/wp-content/uploads/2018/04/dumbbell-seated-zottman-curl.gif,https://cdn.jefit.com/assets/img/exercises/gifs/1010.gif,https://thumbs.dreamstime.com/z/man-doing-seated-dumbbell-bicep-curls-exercise-flat-vector-illustration-man-doing-seated-dumbbell-bicep-curls-exercise-flat-vector-201313807.jpg
Biceps,16,Single-Arm High Cable Biceps Curl,"Biceps, Biceps Brachii","A curl performed with the cable set high, pulling the arm down and in toward the body to target the biceps peak.","1. Stand between or beside a high pulley, arm extended out to the side. 2. Keep the elbow elevated and fixed. 3. Curl the handle down and in toward your shoulder. 4. Return slowly and repeat. Tip: Keep the elbow height steady throughout; don't let it drop as you fatigue.",https://fitnessprogramer.com/wp-content/uploads/2021/04/High-Cable-Single-Arm-Bicep-Curl.gif,https://weighttraining.guide/wp-content/uploads/2017/07/overhead-cable-biceps-curl-resized.png,https://www.fitliferegime.com/wp-content/uploads/2022/03/Cable-One-Arm-Curl-1.jpg,https://cdn.shopify.com/s/files/1/0090/4773/6378/files/High_Cable_Bicep_Curl_Overhead_Cable_Curl_34f5c3ea-e575-4645-ba44-c6c59e4fcb99.jpg?v=1655995230,https://cdn.shopify.com/s/files/1/0090/4773/6378/files/Standing_Single_Arm_Bicep_Cable_Curl_2.jpg?v=1655995231,https://cdn.shopify.com/s/files/1/0090/4773/6378/files/How_to_Do_a_Standard_Biceps_Cable_Curl_a76b1219-c249-4cd6-888e-30efa27e3e32.jpg?v=1655995230,https://workoutguru.fit/wp-content/uploads/2023/10/cable-one-arm-inner-biceps-curl-video-exercise-guide-tips-1024x576.jpg,https://app-media.fitbod.me/v2/529/images/landscape/0_960x540.jpg,https://i.ytimg.com/vi/Okl64XegSu0/maxresdefault.jpg,https://i.pinimg.com/originals/df/07/72/df077263278e8eb00716d363d6bffe98.png
Biceps,17,Spider Curl,"Biceps, Biceps Brachii, Biceps Short Head","A curl performed lying face-down on an incline bench with arms hanging free, isolating the biceps short head.","1. Lie face-down on an incline bench, arms hanging straight down holding a bar or dumbbells. 2. Keep upper arms still. 3. Curl the weight up toward your shoulders. 4. Lower under control without swinging. Tip: Avoid letting the elbows move forward or back; only the forearms should travel.",https://fitliferegime.com/wp-content/uploads/2022/06/Spider-Curl.jpg,https://liftmanual.com/wp-content/uploads/2023/04/dumbbell-reverse-spider-curl.jpg,https://www.bodybuildingmealplan.com/wp-content/uploads/Dumbbell-Spider-Curl.jpg,https://bodybuilding-wizard.com/wp-content/uploads/2023/03/ez-bar-spider-curl-biceps-exercise.jpg,https://i.ytimg.com/vi/jFxs5x0cAX8/maxresdefault.jpg,https://cdn.shopify.com/s/files/1/1497/9682/files/Dumbbell_Neutral_Grip_Spider_Curl.jpg?v=1668089377,https://www.exercises.com.au/wp-content/uploads/2016/02/Spider-curls-1.png,https://i.pinimg.com/originals/f3/49/9c/f3499c4b56fbabed1cec84d972d98549.jpg,https://generationiron.com/wp-content/uploads/2022/07/spider-curl-1.png,https://www.bodybuildingmealplan.com/wp-content/uploads/Spider-Curls-scaled.jpg
Biceps,18,Standing Alternating Dumbbell Curl,"Biceps, Biceps Brachii, Brachialis","A standing curl performed one arm at a time, alternating sides, to build biceps size and strength.","1. Stand holding dumbbells at your sides, palms facing in. 2. Curl one arm up while rotating the palm to face up. 3. Lower that arm as you curl the other. 4. Alternate for reps. Tip: Keep the non-working arm still and avoid leaning side to side to assist the lift.",https://i.pinimg.com/736x/17/f3/0a/17f30ac9ef29b77ea3b27975b0e30182.jpg,https://criticalbody.com/wp-content/uploads/2021/12/alternating-dumbbell-curl-dec21.jpg,https://img.freepik.com/premium-photo/standing-alternating-dumbbell-bicep-curl-exercise-vector-illustrations-white-background-stylize-50-job-id-15a236a70cfc4d7e9e2517a693ed678f_939033-119230.jpg,https://weighttraining.guide/wp-content/uploads/2016/05/Dumbbell-Alternate-Biceps-Curl-resized.png,https://copilot-exercise-media.s3.us-east-2.amazonaws.com/1280_jpegs/alternating_dumbbell_curl.jpeg,https://assets.myworkouts.io/exercises-media/i8RQmGGmRhvGHQznc/standing_alternating_dumbbell_curls_female_v13_thumb100Poster_capoff.jpg,https://cdn.shopify.com/s/files/1/0269/5551/3900/files/Alternating-Dumbbell-Curl_ad879dc4-b4fb-4ca7-b2b1-6e1eb5d78252_600x600.png?v=1612137169,https://cdn.athlemove.com/aab24f82-7cf1-4206-8c9d-3ca2c73fb02a.webp?width=3840&signature=e31c13e6636de5f00502ab8334bc50883045083d0f556a86eabe70d719264add,https://totalworkout.fitness/img/exercise/1280/frame/10007.4.jpg,https://cdn5.vectorstock.com/i/1000x1000/79/99/man-doing-alternating-dumbbell-curl-flat-vector-42797999.jpg
Biceps,19,Zottman Curl,"Biceps, Biceps Brachii, Brachioradialis, Forearms","A curl that combines a regular curl up with a reverse-grip lowering, working both the biceps and forearm muscles.","1. Stand holding dumbbells with palms facing forward. 2. Curl the weights up toward your shoulders. 3. Rotate your palms to face down at the top. 4. Lower slowly in that reversed grip, then rotate back and repeat. Tip: Control the lowering phase slowly since that's what builds the forearms.",https://liftmanual.com/wp-content/uploads/2023/04/dumbbell-zottman-curl.jpg,https://cdn.shopify.com/s/files/1/0090/4773/6378/files/Zottman_Curl.png?v=1666622361,https://cdn.mos.cms.futurecdn.net/sX93EbuLF9eiSDRFycEpqU-1200-80.jpg,https://i.ytimg.com/vi/D7bMA4WEKMI/maxresdefault.jpg,https://fitliferegime.com/wp-content/cache/flying-press/9e032ad0f3f1395819a6a2aea58fa6b5.jpg,https://s.yimg.com/ny/api/res/1.2/0DNJDlDR0q3XgbTszfMKvw--/YXBwaWQ9aGlnaGxhbmRlcjt3PTk2MDtoPTU0MDtjZj13ZWJw/https://media.zenfs.com/en/t3_620/721f2aae24422c5f785675431a8993a1,https://static.strengthlevel.com/images/exercises/zottman-curl/zottman-curl-800.jpg,"https://www.mensfitness.com/.image/w_3840,q_auto:good,c_limit/MTk2MTM2MDgzNzYxNTM4NTY1/zottman-curl.jpg",https://fitliferegime.com/wp-content/uploads/2023/07/Seated-Zottman-Curl-1.gif,https://fitliferegime.com/wp-content/uploads/2023/12/Zottman-Curl.gif
Triceps,1,Cable Kickback,"Triceps, Triceps Brachii",A single-arm cable isolation exercise that extends the arm behind the body to target the triceps.,"1. Attach a handle to a low cable, hinge forward at the hips, and tuck your upper arm against your torso. 2. Bend the elbow to about 90 degrees. 3. Extend the arm straight back, squeezing the triceps. 4. Return under control and repeat. Tip: Keep the upper arm still and parallel to the floor; only the forearm should move.",https://workoutguru.fit/wp-content/uploads/2023/10/cable-donkey-kickback-female-video-exercise-guide-tips.jpg,https://i.ytimg.com/vi/QBemKEDJ3dE/maxresdefault.jpg,https://www.thisiswhyimfit.com/wp-content/uploads/2021/09/cable-kickbacks-feature.jpeg,https://imagely.mirafit.co.uk/wp/wp-content/uploads/2024/10/standing-glute-kickback-on-a-Mirafit-Functional-Trainer-1024x683.jpg,https://images.squarespace-cdn.com/content/v1/5ebef943272c1041d83b1d15/ba8b721f-3285-4ed7-b696-e027eaf7f868/+Glute+Kickback+.jpeg,https://kajabi-storefronts-production.kajabi-cdn.com/kajabi-storefronts-production/file-uploads/blogs/7224/images/54fe32c-6643-0f26-25-0c6f5fad7ba2_Cable_glute_kickbacks.png,https://imagely.mirafit.co.uk/wp/wp-content/uploads/2024/07/bent-over-kickback-on-a-Mirafit-Functional-Trainer.jpg,https://i.ytimg.com/vi/2ZCaWeiMWSc/maxresdefault.jpg,https://workoutguru.fit/wp-content/uploads/2023/10/cable-kneeling-glute-kickback-female-video-exercise-guide-tips.jpg,https://imagely.mirafit.co.uk/wp/wp-content/uploads/2024/10/45-degree-angle-kickback-on-a-Mirafit-Functional-Trainer-1024x683.jpg
Triceps,2,Close-Grip Bench Press,"Triceps, Triceps Brachii, Chest, Anterior Deltoid",A bench press variation with a narrower grip that shifts emphasis from the chest to the triceps.,"1. Lie on a bench and grip the bar just inside shoulder width. 2. Unrack and lower the bar to your lower chest, elbows tucked. 3. Press the bar back up to full extension. 4. Repeat for reps. Tip: Keep elbows tracking close to your body rather than flaring out to protect the wrists and shoulders.",https://weighttraining.guide/wp-content/uploads/2017/07/close-grip-barbell-bench-press-resized.png,https://i.pinimg.com/originals/ef/04/2c/ef042cfb6661006f17742c9315a16fcc.jpg,https://www.borntoworkout.com/wp-content/uploads/2018/02/Close-Grip-Bench-Press.jpg,https://static.strengthlevel.com/images/illustrations/close-grip-bench-press-1000x1000.jpg,https://liftmanual.com/wp-content/uploads/2023/04/ez-bar-close-grip-bench-press.jpg,https://boxlifemagazine.com/wp-content/uploads/2023/12/close-grip-bench-press.jpg,https://www.borntoworkout.com/wp-content/uploads/2018/02/Close-Grip-Dumbbell-Bench-Press.jpg,https://thumbs.dreamstime.com/z/exercising-close-grip-barbell-bench-press-target-muscles-marked-red-initial-final-steps-67126548.jpg,https://www.borntoworkout.com/wp-content/uploads/2018/02/Close-Grip-Incline-Bench-Press.jpg,https://boxlifemagazine.com/wp-content/uploads/2023/12/close-grip-bench-press-1024x1024.gif
Triceps,3,Cross-Body Cable Triceps Extension,"Triceps, Triceps Brachii","A single-arm cable extension pulling the handle down and across the body, isolating the triceps through a varied angle.","1. Stand beside a high cable, grip the handle with the working arm across your body. 2. Keep the upper arm fixed. 3. Extend the arm down and across until straight. 4. Return under control and repeat. Tip: Keep the elbow close to your body and avoid using the shoulder to swing the weight.",https://liftmanual.com/wp-content/uploads/2023/04/cable-standing-high-cross-triceps-extension.jpg,https://homegymreview.co.uk/wp-content/uploads/exercises/37191101-Cable-Standing-High-Cross-Triceps-Extension_Upper-Arms_max-scaled.jpg,https://i.pinimg.com/originals/ee/46/c0/ee46c022bf434f944be07befccfe3f97.png,https://fitnessvolt.com/wp-content/uploads/2023/09/Cable-Rope-Tricep-Extension.gif,https://i.ytimg.com/vi/2feuVZi1xx4/maxresdefault.jpg,https://workoutguru.fit/wp-content/uploads/2023/10/cable-standing-high-cross-triceps-extension-video-exercise-guide-tips-1536x864.jpg,https://workoutguru.fit/wp-content/uploads/2023/10/cable-high-pulley-straight-bar-overhead-triceps-extension-video-exercise-guide-tips.jpg,https://n1.training/wp-content/uploads/2022/01/Triceps-Lateral-Head-Cross-Body-Cable-Extension-min-1024x1024.jpg,https://www.infinityfitness.com/wp-content/uploads/2016/05/cable-cross-body.jpeg,https://weighttraining.guide/wp-content/uploads/2023/06/Lying-alternating-cross-body-dumbbell-triceps-extension.png
Triceps,4,Dumbbell Kickback,"Triceps, Triceps Brachii",A single-arm dumbbell isolation exercise that extends the arm backward to target the triceps.,"1. Hinge forward, supporting yourself with one hand on a bench, holding a dumbbell in the other. 2. Keep the upper arm parallel to the floor. 3. Extend the arm straight back, squeezing the triceps. 4. Return under control and repeat. Tip: Avoid swinging the weight; keep the upper arm still and let only the forearm move.",https://weighttraining.guide/wp-content/uploads/2016/05/Dumbbell-Kickback-resized.png,https://julielohre.com/wp-content/uploads/2017/11/Dumbbell-Tricep-Kickbacks.jpg,https://mobilephysiotherapyclinic.in/wp-content/uploads/2023/06/Triceps-kickbacks-with-dumbbells.webp,https://liftmanual.com/wp-content/uploads/2023/04/dumbbell-kickback.jpg,https://liftmanual.com/wp-content/uploads/2023/04/dumbbell-standing-kickback.jpg,https://www.spotebi.com/wp-content/uploads/2014/10/dumbbell-triceps-kickback-exercise-illustration.jpg,https://boxlifemagazine.com/wp-content/uploads/2023/12/Dumbbell-Kickbacks.jpeg,https://www.zcalories.com/images/fitness/2023/dumbbell-tricep-exercises/Dumbbell-Kickback.jpg,https://weighttraining.guide/wp-content/uploads/2021/09/Standing-two-arm-dumbbell-kickback.png,https://workoutguru.fit/wp-content/uploads/2023/10/dumbbell-kickback-video-exercise-guide-tips-1536x864.jpg
Triceps,5,Dumbbell Overhead Triceps Extension,"Triceps, Triceps Brachii, Triceps Long Head",An overhead pressing-style isolation exercise using a dumbbell that stretches and targets the long head of the triceps.,"1. Sit or stand holding a dumbbell overhead with both hands, arms extended. 2. Keep elbows pointing forward and close together. 3. Lower the weight behind your head by bending the elbows. 4. Extend back up and repeat. Tip: Keep elbows still and pointing forward throughout; don't let them flare outward.",https://fitnessvolt.com/wp-content/uploads/2019/04/seated-dumbbell-overhead-triceps-extension.jpg,https://weighttraining.guide/wp-content/uploads/2023/07/Standing-dumbbell-overhead-triceps-extension.png,https://weighttraining.guide/wp-content/uploads/2021/10/Seated-two-arm-overhead-dumbbell-triceps-extension.png,https://weighttraining.guide/wp-content/uploads/2022/07/Standing-one-arm-overhead-dumbbell-triceps-extension.png,https://www.spotebi.com/wp-content/uploads/2014/10/dumbbell-triceps-extension-exercise-illustration.jpg,https://fitwill.app/api/image/2488?p=1&w=1920&h=1080,https://hips.hearstapps.com/hmg-prod/images/workouts/2016/03/dumbbelloverheadtricepsextension-1456956005.gif,https://www.eatthis.com/wp-content/uploads/sites/4/2023/02/overhead-dumbbell-triceps-extension.jpg?resize=640,https://www.fitliferegime.com/wp-content/uploads/2022/04/Seated-Overhead-Dumbbell-Tricep-Extension.jpg,https://static.vecteezy.com/system/resources/previews/024/792/801/original/man-doing-seated-single-arm-overhead-dumbbell-tricep-extensions-exercise-vector.jpg
Triceps,6,JM Press,"Triceps, Triceps Brachii, Chest, Triceps Lateral Head",A hybrid movement between a close-grip bench press and a skull crusher that heavily loads the triceps.,"1. Lie on a bench with a close, overhand grip on the bar. 2. Lower the bar toward your neck or upper chest, bending the elbows. 3. Press the bar back up and slightly back to lockout. 4. Repeat for reps. Tip: Start with lighter weight to learn the bar path safely before adding load.",https://weighttraining.guide/wp-content/uploads/2018/11/Barbell-JM-press-resized.png,https://www.exercises.com.au/wp-content/uploads/2016/01/JM-press-1.png,https://weighttraining.guide/wp-content/uploads/2019/05/Smith-machine-JM-press-resized.png,https://i.ytimg.com/vi/RO5KcSbYXho/maxresdefault.jpg,https://fitwill.app/api/image/0052?p=1&w=1024&h=512,https://fitwill.app/api/image/3028?p=1&w=1024&h=512,https://boxlifemagazine.com/wp-content/uploads/2023/12/Dumbbell-JM-Press.jpeg,https://www.exercises.com.au/wp-content/uploads/2016/01/jm-press-how-to.jpg,https://homegymreview.co.uk/wp-content/uploads/exercises/00521101-Barbell-JM-Bench-Press_Upper-Arms_max-scaled.jpg,https://i.ytimg.com/vi/FjkZpK8JhO8/maxresdefault.jpg
Triceps,7,Lying Dumbbell Triceps Extension,"Triceps, Triceps Brachii, Triceps Long Head","An isolation exercise performed lying on a bench, lowering dumbbells toward the head to stretch and work the triceps.","1. Lie on a bench holding dumbbells extended above your chest. 2. Keep upper arms still, elbows pointing up. 3. Lower the weights toward your ears by bending the elbows. 4. Extend back up and repeat. Tip: Keep elbows tucked in rather than flaring out to keep tension on the triceps.",https://www.mensjournal.com/.image/t_share/MTk2MTM3MjYwMzEyMTc1NzYx/7-lying-dumbbell-triceps-extension.jpg,https://weighttraining.guide/wp-content/uploads/2022/05/Lying-alternating-dumbbell-triceps-extension.png,https://static.vecteezy.com/system/resources/previews/023/686/373/non_2x/woman-doing-lying-dumbbell-tricep-extensions-exercise-flat-illustration-isolated-on-white-background-vector.jpg,https://liftmanual.com/wp-content/uploads/2023/04/dumbbell-lying-triceps-extension.jpg,https://bod-blog-assets.prod.cd.beachbodyondemand.com/bod-blog/wp-content/uploads/2016/11/10131130/Skull_Crushers_1675-2000x1000-1.jpeg,https://www.bodybuildingmealplan.com/wp-content/uploads/Dumbbell-Lying-Tricep-Extension-Form-1.jpg,https://www.fitliferegime.com/wp-content/uploads/2022/01/Lying-Single-Dumbbell-Extension.jpg,https://bod-blog-assets.prod.cd.beachbodyondemand.com/bod-blog/wp-content/uploads/2016/11/10125630/Dumbbell-Lying-Triceps-Extension.jpg,https://weighttraining.guide/wp-content/uploads/2016/11/lying-one-arm-dumbbell-triceps-extension-resized.png,https://weighttraining.guide/wp-content/uploads/2023/10/Lying-one-arm-cross-body-dumbbell-triceps-extension.png
Triceps,8,Machine Dip,"Triceps, Triceps Brachii, Chest, Anterior Deltoid",A machine-guided dip that trains the triceps along with the chest and front shoulders through a supported pressing motion.,"1. Sit and grip the handles with arms bent. 2. Brace your core and keep torso upright for triceps emphasis. 3. Press the handles down until arms are extended. 4. Return under control and repeat. Tip: Keep the torso upright rather than leaning forward, which shifts more work to the chest.",https://weighttraining.guide/wp-content/uploads/2021/10/Machine-assisted-chest-dip.png,https://fitnessvolt.com/wp-content/uploads/2018/04/machine-assisted-triceps-dip-1.jpg,https://weighttraining.guide/wp-content/uploads/2021/07/Machine-triceps-dip.png,https://www.fitsociety.nl/wp-content/uploads/2023/01/5dd0774a5af400.26217246.jpg,https://i.ytimg.com/vi/pMarNxAvHPc/maxresdefault.jpg,https://gymbot.ru/wp-content/uploads/2024/06/assisted-dip-muscles-1024x710-1.png,https://watsongym.co.uk/wp-content/uploads/2023/03/Tricep-Dip-2.jpg,https://liftmanual.com/wp-content/uploads/2023/04/band-assisted-dip.jpg,https://cdn.shopify.com/s/files/1/2137/4043/products/Muscle_D_Fitness_MDC-1011A_Classic_Line_Tricep_Dip_Machine_Side_View_2000x.jpg?v=1564106442,https://fitliferegime.com/wp-content/uploads/2024/08/Machine-Tricep-Dip.jpg
Triceps,9,Machine Triceps Extension,"Triceps, Triceps Brachii","A machine-based isolation exercise that trains the triceps through a fixed, supported extension path.",1. Sit and adjust the seat so your elbows align with the pivot point. 2. Grip the handles with upper arms resting against the pad. 3. Extend your arms down until straight. 4. Return under control and repeat. Tip: Keep upper arms pinned to the pad; don't let them lift as you push.,https://weighttraining.guide/wp-content/uploads/2018/11/Machine-triceps-extension-resized.png,https://fitnessvolt.com/wp-content/uploads/2022/03/Machine-Triceps-Extension-Muscles-Worked-1140x754.jpg,https://focusedonfit.com/s/uploads/2014/01/Triceps-Extension-Machine.jpg,https://watsongym.co.uk/wp-content/uploads/2023/03/Tricep-Extension-1.jpg,https://fitwill.app/api/image/5916?p=1&w=1920&h=1080,https://i.ytimg.com/vi/j4XSuFLiZ6I/maxresdefault.jpg,https://fitliferegime.com/wp-content/uploads/2021/06/Rope-Triceps-Extension.jpg,https://muscu-street-et-crossfit.fr/wp-content/uploads/2022/08/Muscles-extension-triceps-poulie.001.jpeg,https://liftmanual.com/wp-content/uploads/2023/04/cable-high-pulley-overhead-tricep-extension.jpg,https://fitnessvolt.com/wp-content/uploads/2023/09/Cable-Rope-Tricep-Extension.gif
Triceps,10,Reverse-Grip Triceps Pushdown,"Triceps, Triceps Brachii",A cable pushdown performed with an underhand grip that shifts emphasis toward the inner and long head of the triceps.,"1. Stand facing a high cable with a straight bar, gripping underhand. 2. Keep elbows tucked at your sides. 3. Push the bar down until arms are fully extended. 4. Return under control and repeat. Tip: Keep elbows fixed at your sides throughout; don't let them drift forward.",https://pbs.twimg.com/media/D7ypPxpU8AAg7Q7.jpg,https://homegymreview.co.uk/wp-content/uploads/exercises/16061101-Cable-Reverse-Grip-Triceps-Pushdown-SZ-bar_Upper-arms_max-scaled.jpg,https://static.vecteezy.com/system/resources/previews/033/226/996/original/man-doing-cable-one-arm-reverse-grip-tricep-pushdown-exercise-vector.jpg,https://weighttraining.guide/wp-content/uploads/2016/05/Triceps-Rope-Pushdown-resized.png,https://www.bodybuildingmealplan.com/wp-content/uploads/Reverse-Grip-Tricep-Pushdown-YouTube-Cover.jpg,https://liftmanual.com/wp-content/uploads/2023/04/cable-reverse-grip-pushdown.jpg,https://homegymreview.co.uk/wp-content/uploads/exercises/22491101-Cable-Triceps-Pushdown-V-bar-female_Upper-Arms_max-2048x1498.jpg,https://cdn.zyloai.app/exercise/images/cable-reverse-grip-triceps-pushdown-5.webp,https://workoutguru.fit/wp-content/uploads/2023/10/cable-triceps-pushdown-v-bar-female-video-exercise-guide-tips-1536x864.jpg,https://www.gym-pact.com/wp-content/uploads/2021/07/reverse-grip-tricep-pushdown.jpg
Triceps,11,Rope Overhead Cable Triceps Extension,"Triceps, Triceps Brachii, Triceps Long Head",An overhead cable extension using a rope attachment that stretches and isolates the long head of the triceps.,"1. Face away from a low cable, rope overhead, elbows pointing forward. 2. Keep upper arms still. 3. Extend the arms forward and up until straight. 4. Return under control, feeling the stretch. Tip: Keep elbows close together and pointing forward instead of flaring out.",https://cdn-bcpoc.nitrocdn.com/TKqfpmIjZIVcmnkUTvWEFXVhMTTVDydg/assets/images/optimized/rev-e10163d/homegymreview.co.uk/wp-content/uploads/exercises/22481101-Cable-Overhead-Triceps-Extension-rope-attachment-female_Upper-Arms_max-scaled.jpg,https://static.strengthlevel.com/images/illustrations/cable-overhead-tricep-extension-1000x1000.jpg,https://homegymreview.co.uk/wp-content/uploads/exercises/01941101-Cable-Overhead-Triceps-Extension-rope-attachment_Upper-Arms_max-1524x2048.jpg,https://liftmanual.com/wp-content/uploads/2023/04/cable-high-pulley-overhead-tricep-extension.jpg,https://thumbs.dreamstime.com/z/overhead-triceps-extension-exercise-strength-workout-vector-illustration-overhead-triceps-extension-exercise-workout-vector-215590631.jpg,https://www.exercises.com.au/wp-content/uploads/2015/09/Cable-overhead-tricep-extension-1.png,https://workoutguru.fit/wp-content/uploads/2023/10/cable-overhead-triceps-extension-rope-attachment-video-exercise-guide-tips-1536x864.jpg,https://phonemantra.com/wp-content/uploads/2023/09/Cable-Overhead-Tricep-Extension.png,https://app-media.fitbod.me/v2/399/images/landscape/0_960x540.jpg,https://cdn.vectorstock.com/i/1000v/87/38/woman-doing-cable-rope-overhead-triceps-extensions-vector-44278738.jpg
Triceps,12,Rope Triceps Pushdown,"Triceps, Triceps Brachii, Triceps Lateral Head","A cable pushdown using a rope attachment, allowing the hands to split apart at the bottom for a stronger triceps contraction.","1. Stand facing a high cable with a rope attachment, elbows tucked at your sides. 2. Push the rope down until arms are extended. 3. Spread the rope ends apart and turn palms down at the bottom. 4. Return under control and repeat. Tip: Keep elbows pinned to your sides; only the forearms should move.",https://fitnessvolt.com/wp-content/uploads/2019/04/triceps-rope-push-down.jpg,https://weighttraining.guide/wp-content/uploads/2016/05/Triceps-Rope-Pushdown-resized.png,https://gymgeek.com/wp-content/uploads/2023/11/tricep-rope-pushdown.png,https://www.verywellfit.com/thmb/9287vIQF11Yafj48oAzFuyHBnL4=/1500x0/filters:no_upscale():max_bytes(150000):strip_icc()/52-3498613-Triceps-Pushdown-GIF-04bb16783f5543a8be193ff64861111d.gif,https://s3.amazonaws.com/prod.skimble/assets/2358738/image_iphone.jpg,https://i.pinimg.com/originals/0f/cf/9b/0fcf9b6bf070a75c990ea0a78e9bae72.jpg,https://bodybuilding-wizard.com/wp-content/uploads/2014/04/cable-triceps-pushdown-variations-2-2.jpg,https://www.shutterstock.com/shutterstock/photos/2578137537/display_1500/stock-photo-cable-single-arm-triceps-pushdown-rope-attachment-upper-arms-exercise-workout-illustration-2578137537.jpg,https://static.vecteezy.com/system/resources/previews/016/137/875/original/woman-doing-cable-rope-tricep-pull-down-or-push-exercise-flat-illustration-isolated-on-white-background-vector.jpg,https://www.shutterstock.com/shutterstock/photos/2169476315/display_1500/stock-vector-man-doing-cable-rope-pushdown-exercise-flat-vector-illustration-isolated-on-white-background-2169476315.jpg
Triceps,13,Single-Arm Cable Triceps Pushdown,"Triceps, Triceps Brachii, Triceps Lateral Head",A one-arm cable pushdown variation that isolates each triceps individually and helps fix side-to-side strength imbalances.,"1. Stand facing a high cable with a single handle, elbow tucked at your side. 2. Keep the upper arm still. 3. Push the handle down until the arm is fully extended. 4. Return under control and repeat on both sides. Tip: Avoid twisting your torso to help push the weight down.",https://www.shutterstock.com/shutterstock/photos/2578137537/display_1500/stock-photo-cable-single-arm-triceps-pushdown-rope-attachment-upper-arms-exercise-workout-illustration-2578137537.jpg,https://homegymreview.co.uk/wp-content/uploads/exercises/16091101-Cable-One-Arm-Side-Triceps-Pushdown_Upper-arms_max-2048x1517.jpg,https://homegymreview.co.uk/wp-content/uploads/exercises/12271101-Cable-Standing-One-Arm-Tricep-Pushdown-Overhand-Grip_Upper-Arms_max-1536x1261.jpg,https://workoutguru.fit/wp-content/uploads/2023/10/cable-single-arm-triceps-pushdown-rope-attachment-video-exercise-guide-tips-1536x864.jpg,https://homegymreview.co.uk/wp-content/uploads/exercises/22491101-Cable-Triceps-Pushdown-V-bar-female_Upper-Arms_max-1536x1123.jpg,https://fitnessvolt.com/wp-content/uploads/2020/10/cable-triceps-pushdown-for-upper-arms.jpg,https://fitnessprogramer.com/wp-content/uploads/2022/11/One-arm-triceps-pushdown.gif,https://workoutguru.fit/wp-content/uploads/2023/10/cable-one-arm-tricep-pushdown-video-exercise-guide-tips.jpg,https://workoutguru.fit/wp-content/uploads/2023/10/cable-pushdown-with-rope-attachment-female-video-exercise-guide-tips.jpg,https://static.vecteezy.com/system/resources/previews/033/226/996/non_2x/man-doing-cable-one-arm-reverse-grip-tricep-pushdown-exercise-vector.jpg
Triceps,14,Single-Arm Overhead Cable Triceps Extension,"Triceps, Triceps Brachii, Triceps Long Head",A one-arm overhead cable extension that stretches and isolates the long head of the triceps on each side individually.,"1. Face away from a low cable, holding the handle overhead with one arm, elbow pointing forward. 2. Keep the upper arm still. 3. Extend the arm up until straight. 4. Return under control, feeling the stretch. Tip: Keep the elbow pointing forward and stationary; don't let it drift outward.",https://i.ibb.co/tZvk21n/Overhead-Cable-Tricep-Extension.png,https://i.pinimg.com/originals/99/af/98/99af982f0cee7b01c9cb72ea218faee4.png,https://liftmanual.com/wp-content/uploads/2023/04/cable-high-pulley-overhead-tricep-extension.jpg,https://fitliferegime.com/wp-content/uploads/2021/06/Cable-overhead-triceps-extension.jpg,https://i.ytimg.com/vi/w3iAESGWK6M/maxresdefault.jpg,https://static.strengthlevel.com/images/illustrations/cable-overhead-tricep-extension-1000x1000.jpg,https://app-media.fitbod.me/v2/2096/images/landscape/0_960x540.jpg,https://fitliferegime.com/wp-content/uploads/2023/07/Single-Arm-Cable-Tricep-Extension.jpg,https://www.bodybuildingmealplan.com/wp-content/uploads/Cable-Arm-Exercises-Overhead-Tricep-Extension.png,https://images.squarespace-cdn.com/content/v1/5f5e8592d2b0854b18af6975/93ff963c-faa3-458b-86a4-03bfa5f78185/single+arm+cable+Overhead+Triceps+Extension.jpg
Triceps,15,Skull Crushers (EZ-Bar / Barbell),"Triceps, Triceps Brachii, Triceps Long Head","A lying triceps isolation exercise where the bar is lowered toward the forehead, then pressed back up.","1. Lie on a bench holding an EZ-bar or barbell above your chest, arms extended. 2. Keep upper arms still, elbows pointing up. 3. Lower the bar toward your forehead by bending the elbows. 4. Extend back up and repeat. Tip: Move slowly and keep elbows fixed in place; this exercise is unforgiving of sloppy control.",https://weighteasyloss.com/wp-content/uploads/2018/06/skull-crushers-with-EZ-Bar.jpg,https://bod-blog-assets.prod.cd.beachbodyondemand.com/bod-blog/wp-content/uploads/2018/03/01133335/skull-crushers-600-ez-bar.jpg,https://weighttraining.guide/wp-content/uploads/2018/06/decline-ez-bar-skull-crusher.png,https://weighttraining.guide/wp-content/uploads/2018/11/Barbell-skull-crusher-resized.png,https://s3assets.skimble.com/assets/2583901/image_iphone.jpg,https://criticalbody.com/wp-content/uploads/2021/11/barbell-skull-crushers-nov21-1024x576.jpg,https://fitliferegime.com/wp-content/uploads/2022/03/Barbell-Skull-Crushers-1024x576.jpg,https://i.ytimg.com/vi/IB4Wuf7Aqzw/maxresdefault.jpg,https://criticalbody.com/wp-content/uploads/2021/11/how-to-do-a-skull-crusher-nov21.jpg,https://fitliferegime.com/wp-content/uploads/2023/07/EZ-Bar-Skull-Crusher.jpg
Triceps,16,Straight-Bar Triceps Pushdown,"Triceps, Triceps Brachii, Triceps Lateral Head","A cable pushdown using a straight bar that trains the triceps, especially the lateral head, with a fixed grip path.","1. Stand facing a high cable with a straight bar, overhand grip, elbows tucked. 2. Keep the upper arms still. 3. Push the bar down until arms are fully extended. 4. Return under control and repeat. Tip: Keep elbows pinned to your sides throughout; don't let them travel forward as you push.",https://s3.amazonaws.com/prod.skimble/assets/2597492/image_iphone.jpg,https://fitliferegime.com/wp-content/uploads/2021/06/Triceps-Pushdown.jpg,https://www.bodybuildingmealplan.com/wp-content/uploads/Straight-Bar-Pushdown-1200x787.jpg,https://www.athleticinsight.com/wp-content/uploads/2022/12/Triceps-Pushdown-With_Straight-Bar.jpg,https://fitnessvolt.com/wp-content/uploads/2023/09/straight-bar-tricep-pushdown.gif,https://s3.amazonaws.com/prod.skimble/assets/1096283/image_iphone.jpg,https://www.shutterstock.com/shutterstock/photos/2327163349/display_1500/stock-photo-cable-triceps-pushdown-v-bar-attachment-upper-arms-exercise-2327163349.jpg,https://fitnessvolt.com/wp-content/uploads/2020/10/cable-triceps-pushdown-for-upper-arms.jpg,https://criticalbody.com/wp-content/uploads/2021/11/straight-bar-triceps-pushdowns-nov21-1024x576.jpg,https://workoutguru.fit/wp-content/uploads/2023/10/cable-triceps-pushdown-sz-bar-video-exercise-guide-tips.jpg
Triceps,17,V-Bar Triceps Cable Pushdown,"Triceps, Triceps Brachii, Triceps Lateral Head",A cable pushdown using a V-bar attachment with a neutral grip that trains the triceps with strong lockout emphasis.,"1. Stand facing a high cable with a V-bar, neutral grip, elbows tucked at your sides. 2. Keep the upper arms still. 3. Push the bar down until arms are fully extended. 4. Return under control and repeat. Tip: Squeeze hard at full extension rather than just touching lockout.",https://homegymreview.co.uk/wp-content/uploads/exercises/02411101-Cable-Triceps-Pushdown-V-bar-attachment_Upper-Arms_max-2048x1735.jpg,https://fitwill.app/api/image/2405?p=1&w=1920&h=1080,https://homegymreview.co.uk/wp-content/uploads/exercises/22491101-Cable-Triceps-Pushdown-V-bar-female_Upper-Arms_max-1536x1123.jpg,https://fitwill.app/api/image/0241?p=1&w=1024&h=576,https://fitliferegime.com/wp-content/uploads/2021/06/Triceps-Pushdown-1536x864.jpg,https://cdn.zyloai.app/exercise/images/cable-triceps-pushdown-v-bar-attachment-6.webp,https://fitnessvolt.com/wp-content/uploads/2020/10/cable-triceps-pushdown-for-upper-arms.jpg,https://bodybuilding-wizard.com/wp-content/uploads/2014/04/cable-triceps-pushdown-variations-2-2.jpg,https://weighttraining.guide/wp-content/uploads/2016/05/Triceps-Rope-Pushdown-resized.png,https://workoutguru.fit/wp-content/uploads/2023/10/cable-triceps-pushdown-v-bar-female-video-exercise-guide-tips-1536x864.jpg
Triceps,18,Weighted Dips,"Triceps, Triceps Brachii, Chest, Anterior Deltoid",A compound pressing exercise using added weight that heavily loads the triceps along with the chest and front shoulders.,"1. Support yourself on parallel bars, arms extended, added weight attached via belt or held between the legs. 2. Lower your body by bending the elbows, keeping torso upright for triceps focus. 3. Press back up to full extension. 4. Repeat for reps. Tip: Avoid dipping too deep if you feel shoulder strain; keep torso upright rather than leaning forward.",https://liftmanual.com/wp-content/uploads/2023/04/weighted-tricep-dips.jpg,https://hips.hearstapps.com/hmg-prod/images/weighted-dips-1618499571.jpg?resize=980:*,https://www.bodybuildingmealplan.com/wp-content/uploads/Weighted-Dips-scaled.jpg,https://flex-web-media-prod.storage.googleapis.com/2024/08/how-to-do-weighted-dips.jpg,https://static.strengthlevel.com/images/illustrations/dips-1000x1000.jpg,https://weighttraining.guide/wp-content/uploads/2016/10/bench-dip-resized.png,https://flex-web-media-prod.storage.googleapis.com/2024/11/dips-variations.jpg,https://hips.hearstapps.com/hmg-prod/images/bench-dips-66041b963e79d.jpg,https://workoutguru.fit/wp-content/uploads/2023/10/weighted-tricep-dips-video-exercise-guide-tips-1024x576.jpg,https://cdn.calisteniapp.com/09_2024/images/exercise/full/EX529.jpg
Legs,1,Barbell Back Squat,"Legs, Quadriceps, Gluteus Maximus, Adductor Magnus, Glutes","A compound squat with a barbell across the upper back that builds quadriceps, glutes, and overall lower-body strength.","1. Set the bar on your upper traps, feet shoulder-width apart. 2. Brace your core and unrack the bar. 3. Bend hips and knees to lower until thighs are at least parallel to the floor. 4. Drive through your heels to stand back up. Tip: Keep your chest up and knees tracking over your toes throughout.",https://julielohre.com/wp-content/uploads/2017/11/Barbell-Back-Squat.jpg,https://i.pinimg.com/originals/08/5a/bd/085abd5d06aef294c4cf93d42b5cb64b.png,https://hips.hearstapps.com/hmg-prod/images/barbell-back-squat-66e964460448e.jpg?resize=980:*,https://experiencelife.lifetime.life/wp-content/uploads/2021/08/f2-barbell-back-squat.jpg,https://hips.hearstapps.com/hmg-prod/images/back-squat-1662030023.jpg?resize=980:*,https://www.puregym.com/media/srmb2b5w/barbell-back-squat.jpg?quality=80,https://i.pinimg.com/736x/ec/f2/76/ecf276bb32897c78cdffd47192114b4c.jpg,https://weighttraining.guide/wp-content/uploads/2016/10/barbell-squat-resized-FIXED-2.png,https://liftmanual.com/wp-content/uploads/2023/04/barbell-squat.jpg,https://www.athleticinsight.com/wp-content/uploads/2022/01/performing-barbell-back-squat.jpg
Legs,2,Barbell Glute Bridge,"Legs, Glutes, Gluteus Maximus, Hamstrings",A floor-based hip extension exercise with a barbell across the hips that isolates the glutes and hamstrings.,"1. Sit with upper back against a bench, barbell over hips, knees bent. 2. Plant feet flat, shoulder-width apart. 3. Drive through heels to lift hips until torso is level with thighs. 4. Squeeze glutes at the top, then lower with control. Tip: Avoid overarching your lower back; tuck your chin and keep ribs down.",https://weighttraining.guide/wp-content/uploads/2021/08/barbell-glute-bridge.png,https://fitwill.app/api/image/2965?p=1&w=1920&h=1080,https://liftmanual.com/wp-content/uploads/2023/04/barbell-glute-bridge.jpg,https://i.ytimg.com/vi/DQv1IMQDbE4/maxresdefault.jpg,https://workoutguru.fit/wp-content/uploads/2023/10/barbell-kas-glute-bridge-female-video-exercise-guide-tips-1024x576.jpg,https://cdn.athlemove.com/b9a33b70-3465-4991-8264-89ee07b2f076.webp?width=3840&signature=e4c485ec27fba59c496b4b15e88d6523239523e424c97b5c35fb62e77b21bb3c,https://muscularstrength-media.s3.us-east-2.amazonaws.com/images/2cd74cbf80a7650f8c893b194f46f4dee83cb771.jpg,https://cdn.zyloai.app/exercise/images/barbell-glute-bridge-4.webp,https://liftmanual.com/wp-content/uploads/2023/04/barbell-kas-glute-bridge.jpg,https://www.puregym.com/media/gt0bxxw5/barbell-glute-bridge.jpg?quality=80
Legs,3,Barbell Hip Thrust,"Legs, Glutes, Gluteus Maximus, Hamstrings",A bench-supported hip extension movement with a loaded barbell that heavily targets the glutes.,"1. Rest upper back on a bench, barbell padded across hip crease. 2. Plant feet flat, knees bent about 90 degrees. 3. Drive through heels to raise hips until torso is parallel to floor. 4. Pause and squeeze glutes hard, then lower under control. Tip: Keep chin tucked and avoid hyperextending the lower back at the top.",https://weighttraining.guide/wp-content/uploads/2017/04/barbell-hip-thrust-resized.png,https://www.eatthis.com/wp-content/uploads/sites/4/2023/04/barbell-hip-thrust-exercise.jpg?resize=343,https://homegymreview.co.uk/wp-content/uploads/exercises/10601101-Barbell-Hip-Thrust_Hips_max-2048x733.jpg,https://www.puregym.com/media/z2rjhbj2/barbell-hip-thrust.jpg?quality=80,https://www.eatthis.com/wp-content/uploads/sites/4/2023/03/barbell-hip-thrust.jpg?resize=684,https://cdn.athlemove.com/ed444293-7f3b-4c5a-a24f-68e88b6b0d8e.webp?width=3840&signature=271c32e206b0360464c37922b5f0edf040a255ad640b883be14a1442d4c02d9d,https://www.oxygenmag.com/wp-content/uploads/2022/03/hipthrust.jpg,https://copilot-exercise-media.s3.us-east-2.amazonaws.com/1280_jpegs/hold_barbell_hip_thrust.jpeg,https://mensfitness.co.uk/wp-content/uploads/sites/2/2022/09/Screenshot-2022-09-23-at-14.37.48.jpg?resize=900,https://redefiningstrength.com/wp-content/uploads/2014/07/barbell-hip-thruster.jpg
Legs,4,Belt Squat,"Legs, Quadriceps, Gluteus Maximus","A squat variation loaded through a belt at the hips instead of the spine, targeting quads and glutes with less back stress.","1. Attach the belt around your hips and step onto the platform. 2. Stand with feet shoulder-width apart. 3. Bend knees and hips to squat down until thighs are parallel to the floor. 4. Push through your feet to return to standing. Tip: Keep your torso upright since the load hangs below you, not on your spine.",https://static.strengthlevel.com/images/exercises/belt-squat/belt-squat-800.jpg,https://ucarecdn.com/866d651d-d8ad-432c-8482-cef202f55af5/-/format/auto/-/preview/3000x3000/-/quality/lighter/Belt-Squat-Exercise.jpg,https://ifitnessgear.com/wp-content/uploads/A-Belt-Squat-Machine.png,https://fitnessprogramer.com/wp-content/uploads/2023/01/belt-squat.gif,https://i.ytimg.com/vi/oLhEYlTjXyQ/maxresdefault.jpg,https://images.ctfassets.net/8urtyqugdt2l/4nLcgRa019i6N02yY1Fne4/00bae909ac809973d7bb8905f97362f6/desktop-belt-squat.jpg,https://cdn.shopify.com/s/files/1/0615/0147/2942/files/Hammer-Strength-plate-loaded-belt-squat-action_2048x2048.jpg?v=1705750102,https://learn.athleanx.com/wp-content/uploads/2024/06/Belt-Squats.png,https://i5.walmartimages.com/seo/syedee-Belt-Squat-Machine-Leg-Machine-Strength-Training-Hack-Weightlifting-4-Adjustable-Positions-800lb-Weight-Capacity-230lb-Plate_6ddd2a66-bb8d-400a-b203-d3867615928d.7defafc35582536ce3b676ad4568cd0b.jpeg,https://i.pinimg.com/originals/1c/5a/a7/1c5aa7b8db6ccde879469bb53e5b50b4.jpg
Legs,5,Bulgarian Split Squat,"Legs, Quadriceps, Gluteus Maximus, Hamstrings, Glutes","A single-leg squat with the rear foot elevated behind you, building quad, glute, and hamstring strength while challenging balance.","1. Stand a couple feet in front of a bench, rest one foot behind you on it. 2. Lower your back knee toward the floor by bending the front leg. 3. Keep most of your weight on the front foot. 4. Push through the front heel to rise back up. Tip: Keep your torso upright and don't let the front knee cave inward.",https://weighttraining.guide/wp-content/uploads/2021/10/Bulgarian-split-squat.png,https://trainingstation.co.uk/cdn/shop/articles/bulgarian-split-squat-anatomical-diagram-enhanced_a0456677-1ead-405d-81c5-a4cd7639afd8_4500x.png?v=1763908927,https://workoutguru.fit/wp-content/uploads/2023/10/dumbbell-goblet-bulgarian-split-squat-video-exercise-guide-tips-1536x864.jpg,https://i.pinimg.com/originals/d9/52/36/d952366c57f0dd35d2ab9f4727c7d538.jpg,https://i.pinimg.com/originals/c8/1f/5c/c81f5c2527edc7ac347f1f02e9357e46.jpg,https://workoutguru.fit/wp-content/uploads/2023/10/dumbell-glute-dominant-bulgarian-split-squat-female-video-exercise-guide-tips-1024x576.jpg,https://garagegymbuilder.com/wp-content/uploads/2015/08/jamesruhleO13.png,https://i.pinimg.com/originals/7f/d3/63/7fd3635634f52ab9e7a38107dc185aed.jpg,https://www.spotebi.com/wp-content/uploads/2015/05/bulgarian-split-squat-exercise-illustration.jpg,https://www.trainheroic.com/wp-content/uploads/2022/10/Bulgarian-Split-Squat.jpg
Legs,6,Cable / Machine Glute Kickback,"Legs, Glutes, Gluteus Maximus","An isolation exercise using a cable or machine to extend one leg backward, targeting the glutes directly.","1. Attach an ankle cuff to the cable and clip it to one ankle. 2. Hold the frame for support, hinge slightly forward. 3. Kick the working leg straight back and up, squeezing the glute. 4. Return with control without letting the weight stack touch down. Tip: Avoid arching your lower back to gain range; keep the motion coming from the hip.",https://kajabi-storefronts-production.kajabi-cdn.com/kajabi-storefronts-production/file-uploads/blogs/7224/images/54fe32c-6643-0f26-25-0c6f5fad7ba2_Cable_glute_kickbacks.png,https://images.ctfassets.net/0k812o62ndtw/1pftNNVaZDZYjUFNsOKqcC/60320e15fd15512ea0b78917601ff46d/exercise20181127-19605-1eg8cgycf429428cc423e5d459680e611ab210b.png,https://www.bodybuildingmealplan.com/wp-content/uploads/Cable-Glute-Kickback-Hip-Thrust-Alternative-800x533.png,https://www.shape.com/thmb/BUSiBlXnHU9udYIhtxyMMZCvt3c=/1500x0/filters:no_upscale():max_bytes(150000):strip_icc()/Cable-Machine-Glute-Kickbacks-Courtesy-of-This-Is-Why-Im-Fit-790e4703e1fa42ae855b49b63d65303f.jpg,https://www.shape.com/thmb/XnPlKD-V34i5-WP1A0BWpFGcqLY=/1500x0/filters:no_upscale():max_bytes(150000):strip_icc()/Cable-Kickback-47f64e410484455eb9edb863625da9df.jpg,https://www.liftosaur.com/externalimages/exercises/full/large/glutekickback_cable_full_large.png,https://i.pinimg.com/originals/92/fb/ab/92fbab28cde4267efac1f0d3c6d2d368.jpg,https://images.squarespace-cdn.com/content/v1/5ebef943272c1041d83b1d15/ba8b721f-3285-4ed7-b696-e027eaf7f868/+Glute+Kickback+.jpeg,https://i.ytimg.com/vi/QBemKEDJ3dE/maxresdefault.jpg,https://www.shutterstock.com/image-illustration/cable-kickback-male-hips-exercise-600nw-2578137543.jpg
Legs,7,Cable Hip Abduction,"Legs, Glutes, Gluteus Medius, Gluteus Minimus","A standing cable exercise that moves the leg outward to the side, isolating the gluteus medius and minimus.","1. Attach a cuff to your ankle, cable anchored low from the opposite side. 2. Stand tall, holding the frame for balance. 3. Sweep the working leg out to the side against resistance. 4. Return slowly to the start. Tip: Keep your torso still and avoid leaning to swing the leg using momentum.",https://weighttraining.guide/wp-content/uploads/2017/06/Cable-hip-abduction-resized.png,https://fitnessvolt.com/wp-content/uploads/2019/04/cable-hip-abduction.jpg,https://workoutguru.fit/wp-content/uploads/2023/10/cable-hip-abduction-version-2-male-video-exercise-guide-tips-1536x864.jpg,https://workoutguru.fit/wp-content/uploads/2023/10/cable-hip-abduction-version-2-video-exercise-guide-tips.jpg,https://www.shutterstock.com/shutterstock/photos/2091854743/display_1500/stock-vector-woman-doing-cable-hip-abduction-adduction-exercise-flat-vector-illustration-isolated-on-white-2091854743.jpg,https://cdn.motra.com/exercise-assets/c1f20485e7/thumbnailOriginal.jpg,https://as2.ftcdn.net/v2/jpg/04/40/35/65/1000_F_440356553_XcgCmhuQzw4F1cqF1Yj4i4xcKGCltOvG.jpg,https://app-media.fitbod.me/v2/63/images/landscape/0_960x540.jpg,https://workoutlabs.com/fit/pin-ex/cache-png/4282-m.png,https://i.ytimg.com/vi/bGlm-qTnfTI/maxresdefault.jpg
Legs,8,Calf Press on Leg Press,"Legs, Calves, Gastrocnemius, Soleus","A calf isolation exercise performed on the leg press machine, pressing through the balls of the feet to train the calves.","1. Sit in the leg press with legs extended, balls of feet on the lower edge of the platform. 2. Let heels drop below the platform edge for a stretch. 3. Press through the balls of your feet to extend your ankles fully. 4. Lower under control and repeat. Tip: Keep knees slightly bent and locked in place; the movement should come only from the ankles.",https://weighttraining.guide/wp-content/uploads/2016/12/sled-calf-press-resized.png,https://cdn.jefit.com/assets/img/exercises/gifs/140.gif,https://homegymreview.co.uk/wp-content/uploads/exercises/22121101-Sled-Calf-Press-On-Leg-Press-female_Calves_max-2048x847.jpg,https://workoutguru.fit/wp-content/uploads/2023/10/sled-calf-press-on-leg-press-female-video-exercise-guide-tips-1024x576.jpg,https://i.ytimg.com/vi/OMUvfMZOcSA/maxresdefault.jpg,https://blog.sixstarpro.com/wp-content/uploads/leg-press-calf-raise.jpg,https://fitwill.app/api/image/7109?p=1&w=1920&h=1080,https://cdn.muscleandstrength.com/sites/default/files/leg-press-calf-raise-1.jpg,https://www.bodybuildingmealplan.com/wp-content/uploads/Leg-Press-Calf-Raise-scaled.jpg,https://homegymreview.co.uk/wp-content/uploads/exercises/13851101-Lever-Seated-Squat-Calf-Raise-on-Leg-Press-Machine_Calves_max-scaled.jpg
Legs,9,Cross-Over Step-Up,"Legs, Glutes, Gluteus Maximus, Quadriceps","A lateral step-up where the working foot crosses in front of the body onto a raised platform, targeting glutes and quads.","1. Stand beside a box or bench with one foot near it. 2. Cross the near foot over and place it fully on top of the box. 3. Drive through that foot to step up, bringing the other leg up. 4. Step back down with control and repeat. Tip: Keep the stepping knee tracking over the foot, not caving inward.",https://runmechanics.in/assets/img/workouts/crossover-stepups.jpeg,https://www.spotebi.com/wp-content/uploads/2016/09/step-up-crossover-exercise-illustration-spotebi.jpg,https://liftmanual.com/wp-content/uploads/2023/04/step-up-crossover-1024x538.jpg,https://i.pinimg.com/originals/2d/dc/d3/2ddcd3b2ddb8ee9b330069eddc72778c.jpg,https://s3.amazonaws.com/prod.skimble/assets/3164556/image_iphone.jpg,https://i.ytimg.com/vi/j9d7Z7aDqS4/maxresdefault.jpg,https://library.theprehabguys.com/wp-content/uploads/2018/05/posttypevimeo-videop4242-vimeo-thumbnail.jpg,https://i.ytimg.com/vi/7xizNmoASWQ/maxresdefault.jpg,https://i.ytimg.com/vi/bKpnq2PCn2I/maxresdefault.jpg,https://i.ytimg.com/vi/uIcvj5lyY20/oar2.jpg?sqp=-oaymwEkCJUDENAFSFqQAgHyq4qpAxMIARUAAAAAJQAAyEI9AICiQ3gB&rs=AOn4CLCzDLnOvMiBc9SdoVCu1DiPRITAyA
Legs,10,Forward Lunge,"Legs, Quadriceps, Gluteus Maximus","A single-leg step-forward exercise that trains the quadriceps, glutes, and hamstrings while challenging balance.","1. Stand tall with feet hip-width apart. 2. Step forward with one leg and lower your hips. 3. Bend both knees until the back knee nears the floor. 4. Push through the front heel to return to standing. Tip: Keep your front knee tracking over your ankle, not past your toes.",https://thumbs.dreamstime.com/z/forward-lunge-exercise-strength-workout-vector-illustration-forward-lunge-exercise-strength-workout-vector-illustration-216205375.jpg,https://img.freepik.com/premium-vector/vector-man-doing-forward-lunge-bodyweight-fitness-legs-workout-exercise_1005035-112.jpg?w=2000,https://static.vecteezy.com/system/resources/previews/001/881/381/original/man-and-woman-doing-forward-lunges-vector.jpg,https://static.vecteezy.com/system/resources/previews/027/688/719/original/woman-doing-forward-lunge-bodyweight-fitness-legs-workout-exercise-an-educational-illustration-on-a-white-background-vector.jpg,https://img.freepik.com/premium-vector/forward-lunge-exercise-men-workout-fitness-aerobic-exercises_476141-849.jpg?w=2000,https://www.athleticinsight.com/wp-content/uploads/2022/09/Lunges-02.jpg,https://www.spotebi.com/wp-content/uploads/2016/09/front-and-back-lunges-exercise-illustration-spotebi.jpg,https://fitwill.app/api/image/3470?p=1&w=1920&h=1080,https://cdn.mos.cms.futurecdn.net/6EiTzYK2Dp6xKaQGE4nQhY.jpg,https://www.eatthis.com/wp-content/uploads/sites/4/2023/09/front-lunge.jpeg?resize=800
Legs,11,Front Squat,"Legs, Quadriceps, Gluteus Maximus, Adductor Magnus","A squat with the barbell racked across the front shoulders, emphasizing the quadriceps and requiring an upright torso.","1. Rest the bar across your front shoulders, elbows high, fingertips light on the bar. 2. Stand with feet shoulder-width apart, brace your core. 3. Squat down keeping your torso as upright as possible. 4. Drive through your heels to stand back up. Tip: Keep your elbows up throughout; dropping them tips the bar forward.",https://www.crossfit.com/wp-content/uploads/2019/01/24103930/Collage-FrontSquat-3-frames.jpg,https://weighttraining.guide/wp-content/uploads/2016/10/barbell-front-squat-new-resized.png,https://www.crossfit.com/wp-content/uploads/2019/12/02121714/Dumbbell-Front-Squat-Foucher2.jpg,https://hips.hearstapps.com/hmg-prod/images/barbell-front-squat-66e964666103e.jpg?resize=980:*,https://www.mindpumpmedia.com/hubfs/Shutterstock_2178231205.jpg,https://liftmanual.com/wp-content/uploads/2023/04/dumbbell-front-squat.jpg,https://liftmanual.com/wp-content/uploads/2023/04/kettlebell-front-squat.jpg,https://www.bodybuildingmealplan.com/wp-content/uploads/Front-Squat-scaled.jpg,https://i.ytimg.com/vi/MJao9o7ROs0/maxresdefault.jpg,https://liftmanual.com/wp-content/uploads/2023/04/smith-front-squat.jpg
Legs,12,Goblet Squat,"Legs, Quadriceps, Glutes","A squat holding a single dumbbell or kettlebell at chest height, training quads and glutes while teaching good squat form.","1. Hold a dumbbell or kettlebell vertically against your chest. 2. Stand with feet slightly wider than shoulder-width. 3. Squat down, letting elbows brush inside your knees. 4. Drive through your heels to stand back up. Tip: Keep your chest tall and elbows close to the weight for balance.",https://julielohre.com/wp-content/uploads/2018/11/Goblet-Squat-Legs-Exercise-for-Women.jpg,https://images.squarespace-cdn.com/content/v1/5cf93199c24c0a000107ec5b/fc0d07d2-2f97-485c-9c7f-4ee883f9abb2/Goblet+Squat.png,https://static.vecteezy.com/system/resources/previews/027/206/685/original/woman-doing-kettlebell-goblet-squat-exercise-flat-illustration-isolated-on-white-background-workout-character-set-vector.jpg,https://www.bodybuildingmealplan.com/wp-content/uploads/Heel-Elevated-Goblet-Squat-scaled.jpg,https://wellfitinsider.com/wp-content/uploads/2025/07/How-to-Do-the-Goblet-Squat-Step-by-Step-Proper-Form.jpg,https://static.vecteezy.com/system/resources/previews/029/197/342/non_2x/woman-doing-kettlebell-goblet-squat-exercise-vector.jpg,https://media1.popsugar-assets.com/files/thumbor/BFwWXsvBEBCGJ96bun5NyRTCqS4/fit-in/1024x1024/filters:format_auto-!!-:strip_icc-!!-/2021/12/22/032/n/1922729/f59acf0761c3b8f8340279.40016636_PS21_Fitness/i/Goblet-Squat.jpg,https://liftmanual.com/wp-content/uploads/2023/04/dumbbell-goblet-squat.jpg,https://liftmanual.com/wp-content/uploads/2023/04/kettlebell-goblet-squat.jpg,https://www.eatthis.com/wp-content/uploads/sites/4/2023/05/dumbbell-goblet-squat-illustration.jpg?quality=82&strip=all
Legs,13,Good Morning,"Legs, Hamstrings, Gluteus Maximus, Erector Spinae","A hip-hinge exercise with a barbell on the back that stretches and strengthens the hamstrings, glutes, and lower back.","1. Rest a barbell on your upper back like a squat. 2. Stand with feet hip-width apart, soft knees. 3. Hinge at the hips, pushing your glutes back as your torso lowers. 4. Reverse the motion by driving your hips forward to stand tall. Tip: Keep your back flat and use a light weight until your hip-hinge pattern is solid.",https://kettlebellsworkouts.com/wp-content/uploads/2021/06/1-3-H-Kettlebell-Good-Morning.png,https://images.ctfassets.net/psi7gc0m4mjv/7qI3rUMg3p9EqNcFgRU0cj/a25a065924cb895d723ccff35abd8010/ISSA-BlogHeader-GoodMorning.jpg,https://hips.hearstapps.com/hmg-prod/images/screenshot-2024-05-08-at-15-24-14-663b8b22a0a1b.png?resize=980:*,https://fitnesstalkdaily.com/wp-content/uploads/2023/08/Morning-Exercise-Routine-jpg.webp,https://fitnessvolt.com/wp-content/uploads/2018/04/smith-machine-bent-knee-good-morning.jpg,https://www.grouphiit.com/cdn/shop/files/goodmorning_1024x1024.jpg?v=1695075829,https://liftmanual.com/wp-content/uploads/2023/04/good-morning-squat.jpg,https://i.pinimg.com/originals/48/24/ff/4824ffd795f1eb7ca4126f2f99189f9f.jpg,https://bod-blog-assets.prod.cd.beachbodyondemand.com/bod-blog/wp-content/uploads/2018/04/22145411/good-morning-exercise-600-demo.jpg,https://static.vecteezy.com/system/resources/previews/029/923/382/original/woman-doing-good-morning-bodyweight-fitness-legs-workout-exercise-an-educational-illustration-on-a-white-background-vector.jpg
Legs,14,Hack Squat,"Legs, Quadriceps, Gluteus Maximus, Glutes","A machine-based squat performed on an angled sled, targeting the quadriceps with strong back support.",1. Load the sled and position your shoulders and back against the pads. 2. Place feet shoulder-width apart on the platform. 3. Release the safety and bend your knees to lower the sled. 4. Push through your feet to extend back up. Tip: Don't let your lower back round off the pad at the bottom.,https://imagely.mirafit.co.uk/wp/wp-content/uploads/2024/09/hack-squat-using-Mirafit-Leg-Press-and-Hack-Squat-Machine-1024x683.jpg,https://blog.myarsenalstrength.com/hs-fs/hubfs/hack-squat-benefits.jpg,https://images.ctfassets.net/8urtyqugdt2l/787ExpICXNA9ZJ9xSzeLeW/f7a8cb755de267d83df84ce2ccb14717/desktop-hack-squat.jpg,https://fitnessvolt.com/wp-content/uploads/2024/01/reverse-hack-squat-guide.jpg,https://weighttraining.guide/wp-content/uploads/2021/06/Hack-squat-1024x683.png,https://i.ytimg.com/vi/0tn5K9NlCfo/maxresdefault.jpg,https://generationiron.com/wp-content/uploads/2022/10/Pendulum-Squat.jpg,https://images.ctfassets.net/ipjoepkmtnha/2rIzLe2NS5ewNmQFK5lgVq/012babea783e264d0e10e0a5aa85c2aa/pure_hack_squat_mainfeature01.jpg,https://i.ytimg.com/vi/g4KWZ1ZcHZc/maxresdefault.jpg,https://cdn.mos.cms.futurecdn.net/9p52Za7KjKaKada2ZDUyYP.jpg
Legs,15,Hex Bar Deadlift,"Legs, Quadriceps, Gluteus Maximus, Hamstrings","A deadlift performed inside a hexagonal bar, training the quads, glutes, and hamstrings with a more upright torso than a straight bar.","1. Stand inside the hex bar with feet hip-width apart. 2. Bend hips and knees to grip the handles, chest up, back flat. 3. Drive through your feet to stand up, keeping the bar close to your body. 4. Reverse the motion to lower it back down. Tip: Keep the bar path vertical and avoid rounding your lower back.",https://static.strengthlevel.com/images/illustrations/hex-bar-deadlift-1-1000x1000.jpg,https://i.pinimg.com/originals/a4/f9/c7/a4f9c7539cb1b5257da2d1e80eb6f070.jpg,https://blogger.googleusercontent.com/img/b/R29vZ2xl/AVvXsEh_15pOBgnB02viivPKWNfNKpiix0bpN5P3dez7PMQlyQmxAm0sfEqOWNn2V_agtS4xpP-Ah__0sZwILZxLrnSFIm9CKw0QFjAkcsiGtaTUTUxU-lkdPsyJLujuCK9U_Q6eeTM5eg9-ut3wo2ZDvD5Eh2kj5qJv-6u5FZkJTw4anOozYd6K3O5d4h91/s970/hex3.jpg,https://www.bodybuildingmealplan.com/wp-content/uploads/Hex-Bar-Deadlift-scaled.jpg,https://workoutlabs.com/train/wp-content/uploads/2023/05/Hex_Bar_Cage_Deadlifts-1-c.svg,https://blogger.googleusercontent.com/img/b/R29vZ2xl/AVvXsEifbWudu1NxWqejBjWcxzRob1JU0f4JX5GdHTYQxd9BPEeyZbGY1TItqgE0wbnes_FFIhZTfh9RtaKiLu24eNND-CRkAUXiazAgBSgGSos2BzRkYDBSKKhs5thrIjzEPap3_dFvCeP7l4fCf1Y0KwFJjnNj2GZ_RGMprynCtmTtp1WCjneR3utdnlv8/s2560/hex4.jpg,https://boxlifemagazine.com/wp-content/uploads/2023/05/hex-bar-deadlift-form-1-1024x666.png,https://powerliftingtechnique.com/wp-content/uploads/2024/03/Differences-Between-Hex-Bar-Deadlift-and-Barbell-Deadlift-hex-bar-deadlift.jpg,https://wellfitinsider.com/wp-content/uploads/2025/08/Common-Mistakes-to-Avoid.jpg,https://copilot-exercise-media.s3.us-east-2.amazonaws.com/1280_jpegs/barbell_hex_bar_deadlift.jpeg
Legs,16,Hip Abduction Machine,"Legs, Glutes, Gluteus Medius, Gluteus Minimus","A seated machine exercise that pushes the thighs outward against resistance, isolating the outer glutes.",1. Sit in the machine with legs against the pads. 2. Push your knees outward against the resistance. 3. Pause briefly at the widest point. 4. Return under control to the start. Tip: Avoid bouncing; use a controlled tempo to keep tension on the glutes.,https://fitnessvolt.com/wp-content/uploads/2023/07/Hip-Abduction-Exercise-Guide-1.jpg,https://workoutguru.fit/wp-content/uploads/2023/10/lever-seated-hip-abduction-female-video-exercise-guide-tips-1536x864.jpg,https://homegymreview.co.uk/wp-content/uploads/exercises/05971101-Lever-Seated-Hip-Abduction_Hips-FIX_max-scaled.jpg,https://i.ytimg.com/vi/h_GFj05NehY/maxresdefault.jpg,https://i.pinimg.com/originals/ac/b5/d8/acb5d89a0d208e6b492c04ddbf42adca.jpg,https://www.hsefitness.com/wp-content/uploads/2025/01/Standing-Hip-Abduction-Machine-800x795.png,https://www.gymreadyequipment.com/wp-content/uploads/2024/02/syedee-Hip-Abductor-Machine-5-1024x1024.jpg,https://cdn.shopify.com/s/files/1/0269/5551/3900/files/Seated-Hip-Abduction-Machine_600x600.png?v=1656405168,"https://m.media-amazon.com/images/I/71aBhmJJJGL._AC_UF894,1000_QL80_.jpg",https://liftmanual.com/wp-content/uploads/2023/04/resistance-band-seated-hip-abduction.jpg
Legs,17,Hip Adduction Machine,"Legs, Adductors","A seated machine exercise that squeezes the thighs together against resistance, targeting the inner thigh adductors.",1. Sit in the machine with legs spread against the outer pads. 2. Squeeze your legs together against the resistance. 3. Pause briefly at the innermost point. 4. Return slowly to the start. Tip: Move through a controlled range and avoid slamming the pads together.,https://cdn.shopify.com/s/files/1/1876/4703/files/Adductor_Machine_-_shutterstock_421042396_1024x1024.jpg?v=1671530840,https://liftmanual.com/wp-content/uploads/2023/04/lever-seated-hip-adduction.jpg,https://copilot-exercise-media.s3.us-east-2.amazonaws.com/1280_jpegs/machine_hip_adduction_machine.jpeg,https://i.ytimg.com/vi/fGnpM59aRtI/maxresdefault.jpg,"https://m.media-amazon.com/images/I/71aBhmJJJGL._AC_UF894,1000_QL80_.jpg",https://www.gymreadyequipment.com/wp-content/uploads/2024/02/syedee-Hip-Abductor-Machine-5-1024x1024.jpg,https://gmwdfitness.com/cdn/shop/files/gmwd-hipabductormachine-ha01-main3.jpg?v=1707976099&width=1600,https://www.gymreadyequipment.com/wp-content/uploads/2024/02/syedee-Hip-Abductor-Machine-6.jpg,https://fitwill.app/api/image/2552?p=1&w=1920&h=1080,https://m.media-amazon.com/images/I/61X-d5bGPFL._AC_SL1500_.jpg
Legs,18,Lateral Step-Up,"Legs, Glutes, Gluteus Maximus, Quadriceps","A step-up performed sideways onto a raised platform, working the glutes and quads with an emphasis on hip stability.",1. Stand sideways next to a box with one foot on top. 2. Push through that foot to step up sideways. 3. Bring the trailing leg up to standing on the box. 4. Step back down with control and repeat. Tip: Keep your hips level and avoid twisting your torso as you step up.,https://assets.sweat.com/shopify_articles/images/000/003/403/original/Lateral_Step-Up32e8ef310c363d60168b1072d4b27650.png?1610661730,https://ik.imagekit.io/02fmeo4exvw/expert-articles/2017/11/2017-11-01-five-moves-better-butt-lateral-step-up.jpg,https://i.ytimg.com/vi/Pk7ngkIQ6n0/maxresdefault.jpg,https://fitnessvolt.com/wp-content/uploads/2023/01/Lateral-Step-Up-Exercise-Guide.jpg,https://anniemiller.co/wp-content/uploads/2022/05/Screen-Shot-2022-05-27-at-11.44.08-AM.png,https://www.shape.com/thmb/VwVeJGOFwVcs0sU3G4jRknP-CNw=/1500x0/filters:no_upscale():max_bytes(150000):strip_icc()/lateral-step-up-butt-exercises-2db18910ca114cb3a787a0528c34b570.jpg,https://www.g4physio.co.uk/wp-content/uploads/2016/11/31-SL-Step-up-top.jpg,https://i.ytimg.com/vi/iBR_61fKD1E/maxresdefault.jpg,https://images.squarespace-cdn.com/content/v1/5f5e8592d2b0854b18af6975/a975d10b-bc2d-474b-b2c4-f0f216fbcf4a/lateral+step+up.jpg,https://www.spotebi.com/wp-content/uploads/2016/09/step-up-crossover-exercise-illustration-spotebi.gif
Legs,19,Leg Extension (Machine),"Legs, Quadriceps, Rectus Femoris, Vastus Lateralis, Vastus Medialis","A seated machine isolation exercise that extends the knees against resistance, directly targeting the quadriceps.",1. Sit in the machine with the pad resting on your lower shins. 2. Grip the side handles and keep your back against the seat. 3. Extend your knees to lift the pad until legs are straight. 4. Lower with control back to the start. Tip: Avoid locking out explosively; slow the top and bottom of each rep.,https://gymgeek.com/wp-content/uploads/2024/02/machine-leg-extensions.png,https://fitnessvolt.com/wp-content/uploads/2019/04/leg-extension.jpg,https://www.verywellfit.com/thmb/c9ZQOoHH2GtJjffOR2olp-z2aS0=/1500x1000/filters:no_upscale():max_bytes(150000):strip_icc()/leg-extensions-2-56ca53b25f9b5879cc4c9768.jpg,https://workouthealthy.com/cdn/shop/files/BS-S2LEX_Body-Solid-Seated-Leg-Extension-Machine-5.webp?v=1704927766&width=1080,https://muscu-street-et-crossfit.fr/wp-content/uploads/2022/09/Muscles-Leg-Extension.001.jpeg,https://cdn2.vectorstock.com/i/1000x1000/48/26/man-doing-leg-extension-on-machine-exercise-vector-43594826.jpg,https://static.vecteezy.com/system/resources/previews/024/792/846/large_2x/man-doing-seated-machine-leg-extensions-exercise-vector.jpg,https://copilot-exercise-media.s3.us-east-2.amazonaws.com/1280_jpegs/machine_leg_extension.jpeg,https://oprema.fit/wp-content/uploads/2024/09/Leg-Extension-Leg-Curl-1.jpg,https://i5.walmartimages.com/seo/Best-Leg-Extension-Curl-Machine-Exercise-Adjustable-Seat-Backrest-Rotary-Extenstion-Home-Gym-Hamstring-Workout-Quadriceps-Exercises_d85b7539-b220-41dc-9dc2-dbc816fdc2a6.3ade4d5706607e9d0f27566126a0357f.jpeg
Legs,20,Leg Press,"Legs, Quadriceps, Gluteus Maximus, Glutes","A machine compound exercise pressing a weighted platform with the legs, training quads, glutes, and hamstrings.",1. Sit in the machine with feet shoulder-width apart on the platform. 2. Release the safety catches. 3. Bend your knees to lower the platform toward your chest. 4. Press through your feet to extend back to the start. Tip: Don't let your lower back round off the seat as knees approach your chest.,https://training.fit/wp-content/uploads/2020/03/beinpresse.png,https://workoutguru.fit/wp-content/uploads/2023/10/sled-45-degree-leg-press-video-exercise-guide-tips-1536x864.jpg,https://www.asphaltgreen.org/wp-content/uploads/2025/01/Leg_Press_Starting_Position-1-scaled.webp,https://hips.hearstapps.com/hmg-prod/images/leg-press-67b8637749b94.jpg,https://weighttraining.guide/wp-content/uploads/2016/05/Sled-45-degree-Leg-Press-resized.png,https://www.bodybuildingmealplan.com/wp-content/uploads/Leg-Press-for-Glutes-1200x675.png,https://sportandfitnessinc.com/wp-content/uploads/2018/06/Starting_Leg_Press_300-1362x1500.jpg,https://images-na.ssl-images-amazon.com/images/I/71QjB5MjtBL._SL1500_.jpg,https://www.jefit.com/images/exercises/960_590/528.jpg,https://staticg.sportskeeda.com/editor/2023/05/078b1-16852755676448-1920.jpg
Legs,21,Lying Leg Curl (Machine),"Legs, Hamstrings, Biceps Femoris, Semitendinosus","A prone machine isolation exercise that curls the ankles toward the glutes, targeting the hamstrings.",1. Lie face down with the pad resting just above your heels. 2. Grip the handles and keep hips pressed into the bench. 3. Curl your heels up toward your glutes. 4. Lower with control back to the start. Tip: Keep your hips flat on the pad; lifting them reduces hamstring tension.,https://weighttraining.guide/wp-content/uploads/2016/10/lying-leg-curl-resized.png,https://liftmanual.com/wp-content/uploads/2023/04/lever-lying-leg-curl.jpg,https://cdn.athlemove.com/7395b1ca-be47-44d9-b956-6ee1dfec64fa.webp?width=3840&signature=cdaba560e2dacfcd926862b42249c5252f4a82304c668a3fa5ae2bbf14862d04,"https://static.wixstatic.com/media/2edbed_3763765373f649368832f41349b613fb~mv2.gif/v1/fill/w_980,h_980,al_c,usm_0.66_1.00_0.01,pstr/2edbed_3763765373f649368832f41349b613fb~mv2.gif",https://workoutguru.fit/wp-content/uploads/2023/10/lever-lying-leg-curl-video-exercise-guide-tips-1024x576.jpg,https://workoutguru.fit/wp-content/uploads/2023/10/lever-lying-leg-curl-female-video-exercise-guide-tips.jpg,https://www.puregym.com/media/zxwnjjfv/lying-leg-curl.jpg?quality=80,https://www.verywellfit.com/thmb/YaCp-c94GSAsJMNnZz3JGd67MDg=/1500x0/filters:no_upscale():max_bytes(150000):strip_icc()/45-3498304-Leg-Curls-GIF-e49547387c954595a694b833ee40cda7.gif,https://cdn.shopify.com/s/files/1/0449/8453/3153/files/leg_curl.jpg?v=1739000697,https://www.hoistfitness.com/cdn/shop/files/RS-2408_FINISHSIDE2_resized.png
Legs,22,Nordic Hamstring Curl,"Legs, Hamstrings, Biceps Femoris, Semitendinosus",A bodyweight hamstring exercise where you lower your torso forward from kneeling while anchored at the ankles.,"1. Kneel with ankles secured under a pad or partner's hands. 2. Keep your body straight from knees to head. 3. Slowly lower your torso forward as far as you can control with your hamstrings. 4. Push off the floor or pull yourself back up using your hamstrings. Tip: Start with a small range of motion; this is an advanced, very demanding exercise.",https://content.app-sources.com/s/641028016729933251/uploads/Downloaded/Nordic_hamstring_curl_with_ankles_anchored_controlled_forward_lowering_phase_1024x1024-1782435.webp,https://www.bodybuildingmealplan.com/wp-content/uploads/Nordic-Hamstring-Curl-Machine.jpg,https://www.bodybuildingmealplan.com/wp-content/uploads/Nordic-Hamstring-Curl-For-Beginners.jpg,https://i0.wp.com/www.strengthlog.com/wp-content/uploads/2023/03/Nordic-hamstring-curl.gif?resize=1024%2C1024&ssl=1,https://www.bodybuildingmealplan.com/wp-content/uploads/Nordic-Hamstring-Curl-scaled.jpg,https://bodybuilding-wizard.com/wp-content/uploads/2026/01/nordic-hamstring-curl-exercise-guide.jpg,https://static.strengthlevel.com/images/illustrations/nordic-hamstring-curl-1000x1000.jpg,https://cdn.shopify.com/s/files/1/0568/6280/2107/files/nordic-curl_600x600.gif?v=1726058539,https://modusx.de/wp-content/uploads/nordic-hamstring-curls-ohne-geraet.jpg,https://i.ytimg.com/vi/_e9vFU9-tkc/maxresdefault.jpg
Legs,23,Reverse Lunge,"Legs, Quadriceps, Gluteus Maximus, Hamstrings","A lunge stepping backward instead of forward, training quads, glutes, and hamstrings with less knee stress than a forward lunge.",1. Stand tall with feet hip-width apart. 2. Step one leg backward and lower your hips. 3. Bend both knees until the back knee nears the floor. 4. Push through the front heel to return to standing. Tip: Keep your front shin close to vertical to protect the front knee.,https://static.vecteezy.com/system/resources/previews/034/070/039/large_2x/man-doing-reverse-lunge-bodyweight-fitness-legs-workout-exercise-an-educational-illustration-on-a-white-background-vector.jpg,https://img.freepik.com/premium-vector/reverse-lunge-exercise-woman-workout-fitness-aerobic-exercises_476141-2712.jpg?w=900,https://www.eatthis.com/wp-content/uploads/sites/4/2023/04/reverse-lunges-illustration.jpg?resize=800,https://media1.popsugar-assets.com/files/thumbor/sVfsRpVNxNSLBVNUcd_L2PaFhu8/fit-in/2048xorig/filters:format_auto-!!-:strip_icc-!!-/2018/07/30/765/n/1922729/tmp_ilofAG_95ef28039bd2b803_Dumbbell-reverse-Lunge.jpg,https://static.vecteezy.com/system/resources/previews/029/460/981/original/woman-doing-reverse-lunge-rear-lunge-bodyweight-fitness-legs-workout-exercise-an-educational-illustration-on-a-white-background-vector.jpg,https://hips.hearstapps.com/hmg-prod/images/reverse-lunge-6400d8afcd348.jpg?resize=980:*,https://www.liftosaur.com/externalimages/exercises/full/large/reverselunge_dumbbell_full_large.png,https://kettlebellsworkouts.com/wp-content/uploads/2021/06/3-4-H-Kettlebell-Racked-Reverse-Lunge.png,https://storage.googleapis.com/mv-prod-blog-en-assets/2024/07/0616f7bb-reverse-lunges.webp,https://i.pinimg.com/originals/aa/57/c6/aa57c69dc78bd92bf34c650038415d64.jpg
Legs,24,Romanian Deadlift (RDL),"Legs, Hamstrings, Biceps Femoris, Gluteus Maximus, Glutes","A hip-hinge exercise holding weight while keeping the legs fairly straight, primarily targeting the hamstrings and glutes.","1. Hold a barbell or dumbbells in front of your thighs. 2. Stand with a slight bend in the knees. 3. Hinge at the hips, pushing them back as the weight lowers along your legs. 4. Feel a hamstring stretch, then drive hips forward to stand. Tip: Keep the bar close to your legs and your back flat throughout.",https://weighttraining.guide/wp-content/uploads/2016/10/Barbell-Romanian-Deadlift.png,https://content.artofmanliness.com/uploads/2024/11/Romanian-Deadlift-1.jpg,https://bodybuilding-wizard.com/wp-content/uploads/2026/01/single-leg-romanian-deadlift-exercise-tutorial.jpg,https://liftmanual.com/wp-content/uploads/2023/04/barbell-romanian-deadlift.jpg,https://www.eatthis.com/wp-content/uploads/sites/4/2023/03/dumbbell-romanian-deadlift-illustration.jpg?resize=473,"https://res.cloudinary.com/peloton-cycle/image/fetch/f_auto,c_limit,w_3840,q_90/https://images.ctfassets.net/6ilvqec50fal/722B5AW4Kr9AxPwzXDGX6u/79d88e0e4fc1ed3923a8af1a517cbed9/rad_rdl.png",https://homegymreview.co.uk/wp-content/uploads/exercises/14591101-Dumbbell-Romanian-Deadlift_Hips_max-2048x1480.jpg,https://www.bodybuildingmealplan.com/wp-content/uploads/Romanian-Deadlift-Muscles-Worked-scaled.jpg,https://generationiron.com/wp-content/uploads/2021/10/05FB8007-AC97-44B7-8371-C86131D7289A-1536x1203.jpeg,https://www.nsca.com/contentassets/f77ff53d70c94caab84712ae23126669/31.-romanian-dead-lift-rdl--exercise-technique-manual-3e-image.jpg
Legs,25,Seated Calf Raise (Machine),"Legs, Calves, Soleus","A seated machine exercise pressing through the balls of the feet with bent knees, isolating the soleus calf muscle.",1. Sit in the machine with knees under the pad and balls of feet on the platform. 2. Let your heels drop for a full stretch. 3. Press through the balls of your feet to raise your heels. 4. Lower slowly back down. Tip: Use a full range of motion and pause briefly at the top for better contraction.,https://valorfitness.com/cdn/shop/products/cc-5-seated-calf-raise-machine-2.jpg?v=1670531997,https://bodybuilding-wizard.com/wp-content/uploads/2014/04/machine-seated-calf-raise-2.jpg,https://fitnessvolt.com/wp-content/uploads/2019/04/machine-seated-calf-raise.jpg,https://cdn.athlemove.com/11ec5876-3fad-4ea5-86f5-6470f1921a03.webp?width=3840&signature=a9934be72f69e92cd8cc569d81e0a8502f97e28e2dc0178723b4b2c9c590b5d5,https://fitnessvolt.com/wp-content/uploads/2023/09/seated-calf-raise.gif,https://i.pinimg.com/736x/a3/f7/5b/a3f75b61f49a98a893260fb8106687c3.jpg,https://www.bodybuildingmealplan.com/wp-content/uploads/Seated-Calf-Raise-Bottom-scaled.jpg,https://static.strengthlevel.com/images/illustrations/seated-calf-raise-1000x1000.jpg,https://www.sbfitnessequipment.com/cdn/shop/products/SCR550Hero.png?v=1672244642&width=1445,https://cdn1.vectorstock.com/i/1000x1000/04/20/seated-calf-machine-raises-vector-44360420.jpg
Legs,26,Seated Leg Curl (Machine),"Legs, Hamstrings, Biceps Femoris, Semitendinosus","A seated machine isolation exercise that curls the ankles toward the seat, targeting the hamstrings.",1. Sit in the machine with the pad against the back of your lower legs. 2. Secure the thigh pad and grip the handles. 3. Curl your legs down and back by bending your knees. 4. Return slowly to the starting position. Tip: Keep your back against the pad and avoid using momentum to move the weight.,https://cdn.athlemove.com/e6d6f7c1-5421-4c75-aadc-2eba9dea9d76.webp?width=3840&signature=0c89b3d315b41b4f04c0978b5d0b419be54906eccc0a0ab3e675e727c1321259,https://liftmanual.com/wp-content/uploads/2023/04/lever-seated-leg-curl.jpg,https://intowellness.in/wp-content/uploads/2024/10/Leg_Curl_Machine-5.jpg,https://cdn.jefit.com/assets/img/exercises/gifs/161.gif,https://weighttraining.guide/wp-content/uploads/2016/10/seated-leg-curl-resized.png,https://watsongym.co.uk/wp-content/uploads/2023/03/Seated-Leg-Curl-4.jpg,https://gymnation.com/media/tgdjgefv/lever-seated-leg-curl-thumb.webp?width=514&height=462&v=1dc878089bf94f0,https://www.bullrockfitness.com/wp-content/uploads/2023/04/seated_leg_curl_extension_machine_5.jpg,https://fitnessdergisi.com/wp-content/uploads/2022/12/leg-curl-nedir-nasil-yapilir-3.jpg,https://workoutguru.fit/wp-content/uploads/2023/10/lever-seated-leg-curl-female-video-exercise-guide-tips-1536x864.jpg
Legs,27,Side-Lying Hip Abduction / Clamshells,"Legs, Glutes, Gluteus Medius, Gluteus Minimus","A floor-based exercise lying on your side that opens the top knee like a clamshell, targeting the outer glutes.","1. Lie on your side with knees bent and stacked, hips stacked. 2. Keep feet together and lift your top knee open. 3. Pause at the top of the movement. 4. Lower with control and repeat. Tip: Keep your hips still and avoid rolling your pelvis backward to cheat the range.",https://wellness52.com/wp-content/uploads/2022/08/Sidelying-Clamshells.jpg,https://i.ytimg.com/vi/wct_EI9HTA4/maxresdefault.jpg,https://media.licdn.com/dms/image/v2/D4D22AQGxZKTj9PwX4w/feedshare-shrink_800/B4DZgsy04RHsAk-/0/1753098625703?e=2147483647&v=beta&t=IFleGj2xWE-8aTebvwUNw66rRRDp3zHdFgAJ3Czz3BA,https://i.ytimg.com/vi/O2KPabIoPPk/maxresdefault.jpg,https://piorliving.com/wp-content/uploads/2025/08/Side-Lying_Hip_Abduction.jpeg.webp,https://geeksonfeet.com/img/workouts/sidelyinglegraises.jpg,https://wellfitinsider.com/wp-content/uploads/2026/02/What-Is-the-Clamshell-Exercise.jpg,https://images.everydayhealth.com/images/2025/pilates-workout-for-people-with-ra-clamshell.gif?sfvrsn=aab20fc6_3,https://wellness52.com/wp-content/uploads/2022/08/Sidelying-Clamshells-1.jpg,https://cdn.athlemove.com/51a3b5f3-751f-4694-a102-7ff213711a14.png?width=3840&signature=9125b84626668d603c8aaa5a1e78ac21737d0cd932741dc0e96adb44ec12fee6
Legs,28,Single-Leg Squat / Pistol Squat,"Legs, Quadriceps, Gluteus Maximus","An advanced single-leg squat performed on one leg with the other extended forward, building unilateral quad and glute strength plus balance.","1. Stand on one leg, extending the other leg straight out in front. 2. Bend the standing knee and hip to lower down. 3. Keep the raised leg off the floor throughout. 4. Push through the standing heel to return to standing. Tip: Use a support or box under you at first to build strength and balance safely.",https://www.spotebi.com/wp-content/uploads/2015/05/pistol-squat-exercise-illustration.jpg,https://static.vecteezy.com/system/resources/previews/008/572/999/original/man-doing-single-leg-squat-pistol-squats-exercise-flat-illustration-isolated-on-white-background-workout-character-set-vector.jpg,https://fitwill.app/api/image/1759?p=1&w=1920&h=1080,https://www.benderfitness.com/wp-content/uploads/2023/02/6CF3A3E5-A099-464B-8544-AD492EDFDE94-664x1024.jpeg,https://fitwill.app/api/image/0732?p=1&w=1920&h=1080,https://medicdrug.org/wp-content/uploads/2024/02/dumbbell-pistol-squat.jpg,https://static.vecteezy.com/system/resources/previews/016/124/186/large_2x/man-doing-single-leg-squat-pistol-squats-exercise-flat-illustration-isolated-on-white-background-vector.jpg,https://i.pinimg.com/736x/43/a1/79/43a1798ac506d9cc6a98e98b02952651.jpg,https://i.ytimg.com/vi/Yi0XP1ty4C0/maxresdefault.jpg,https://liftmanual.com/wp-content/uploads/2023/04/jumping-pistol-squat.jpg
Legs,29,Standing Calf Raise (Machine / Free Weight),"Legs, Calves, Gastrocnemius, Soleus","A standing exercise raising the heels against resistance with straight legs, targeting the gastrocnemius calf muscle.","1. Stand with balls of feet on a raised platform, heels hanging off. 2. Let your heels drop down for a full stretch. 3. Press through the balls of your feet to rise onto your toes. 4. Lower slowly back down. Tip: Move through a full range of motion rather than small, quick pulses.",https://weighttraining.guide/wp-content/uploads/2016/10/Lever-Standing-Calf-Raise-resized.png,https://bodypass.net/wp-content/uploads/2021/05/how-to-use-standing-calf-raise-machine.jpg,https://fitnessvolt.com/wp-content/uploads/2023/09/standing-calf-raise.gif,https://www.fitliferegime.com/wp-content/uploads/2021/07/Smith-Machine-Standing-Calf-Raise.jpg,https://i.pinimg.com/originals/26/96/bc/2696bcf9109b972779a27966d31056fd.jpg,https://www.gymequip.eu/wp-content/uploads/2023/07/Standing-Calf-Raise-Machine-1.jpg,https://www.gymequip.eu/wp-content/uploads/2015/10/Standing-Calf-Raise-Machine.jpg,https://fitliferegime.com/wp-content/uploads/2022/05/Cable-Standing-Calf-Raise.jpg,https://fitnessvolt.com/wp-content/uploads/2021/02/dumbbell-standing-calf-raise-.jpg,https://www.eliteprofitca.com/wp-content/uploads/2023/11/WhatsApp-Image-2023-10-24-at-7.45.24-PM-1.jpeg
Legs,30,Step-Ups,"Legs, Glutes, Gluteus Maximus, Quadriceps","A single-leg exercise stepping onto a raised platform, training the glutes and quadriceps while building unilateral strength.",1. Stand facing a sturdy box or bench with one foot on top. 2. Push through that foot to step fully onto the box. 3. Bring the trailing leg up to standing. 4. Step back down with control and repeat. Tip: Drive through the heel of the stepping foot rather than pushing off the trailing leg.,https://storage.googleapis.com/mv-prod-blog-en-assets/2024/07/e68e4670-step-ups.webp,https://media4.popsugar-assets.com/files/thumbor/616NbLiNsLD5zHqw8IwS6R8NW8k/fit-in/1024x1024/filters:format_auto-!!-:strip_icc-!!-/2015/08/18/743/n/1922398/b51dabfe_Chair-Step-Ups.jpg,https://weighttraining.guide/wp-content/uploads/2016/11/dumbbell-step-up-resized.png,https://cdn.mos.cms.futurecdn.net/Z3xh56Y76EqMpiLmHr2wmJ.jpg,https://www.spotebi.com/wp-content/uploads/2015/05/step-up-with-knee-raise-exercise-illustration.jpg,https://thumbs.dreamstime.com/z/man-doing-dumbbell-step-ups-exercise-flat-vector-illustration-isolated-white-background-man-doing-dumbbell-step-ups-exercise-236196498.jpg,https://www.shape.com/thmb/evTtuA1TPy7CQ_1W19BHpc2AJz8=/1500x0/filters:no_upscale():max_bytes(150000):strip_icc()/step-ups-best-exercises-for-women-fb4bb696dd534d37be4d484785e385ed.jpg,https://www.eatthis.com/wp-content/uploads/sites/4/2023/05/step-ups.jpg?quality=82&strip=all,https://liftmanual.com/wp-content/uploads/2023/04/dumbbell-single-leg-step-up.jpg,"https://hips.hearstapps.com/hmg-prod/images/img-2358-jpg-1575476450.jpg?crop=1xw:0.84375xh;center,top"
Legs,31,Walking Lunge,"Legs, Quadriceps, Gluteus Maximus, Hamstrings, Glutes","A lunge performed while moving forward step by step, training quads, glutes, and hamstrings along with balance and coordination.","1. Stand tall and step forward with one leg into a lunge. 2. Lower until both knees are bent near 90 degrees. 3. Push through the front heel to bring the back leg forward into the next lunge. 4. Continue alternating legs as you move forward. Tip: Keep your torso upright and take controlled, not overly long, strides.",https://www.crossfit.com/wp-content/uploads/2019/03/21134637/WalkingLungeCollage2.png,https://hips.hearstapps.com/hmg-prod/images/walking-lunge-6401e3ab937d2.jpg,https://efitnesshelp.com/wp-content/uploads/2022/09/walking-lunge-1024x610.jpg,https://www.spotebi.com/wp-content/uploads/2016/12/walking-lunges-exercise-illustration-spotebi.jpg,https://i0.wp.com/www.snowshoemag.com/wp-content/blogs.dir/5/files/Walking-Lunges.jpg?ssl=1,https://geeksonfeet.com/img/workouts/suitcaselunge.jpg,https://static.vecteezy.com/system/resources/previews/032/060/243/non_2x/man-doing-walking-lunges-exercise-vector.jpg,https://cdn.shopify.com/s/files/1/1497/9682/files/6._Walking_Lunge.jpg?v=1669134050,https://www.athleticinsight.com/wp-content/uploads/2022/09/Lunges-02.jpg,https://hips.hearstapps.com/hmg-prod/images/reverse-lunge-1593615558.jpg?resize=980:*
Legs,32,Weighted Tibialis Raise,"Legs, Calves, Shins, Tibialis Anterior","An exercise lifting the toes upward against resistance, strengthening the tibialis anterior muscle on the front of the shin.","1. Lean your back against a wall with heels a foot or so out in front. 2. Rest weight (like a plate) on top of your feet, or use a band. 3. Lift your toes and forefoot up toward your shins. 4. Lower with control back down. Tip: Keep your heels planted and move only at the ankle joint.",https://bodybuilding-wizard.com/wp-content/uploads/2026/05/seated-dumbbell-tibialis-raise-proper-form.jpg,https://cdn.shopify.com/s/files/1/0252/3155/6686/files/Tibialis_Raises_Variations.jpg?v=1748278659,https://i.ytimg.com/vi/MslHL6pCROA/maxresdefault.jpg,https://s3.amazonaws.com/prod.skimble/assets/1826817/image_iphone.jpg,https://fitnessdrum.com/wp-content/uploads/2022/09/How-to-do-Tib-Raises-min.png,https://i.ytimg.com/vi/iMwpW3J3uoM/maxresdefault.jpg,https://tib-bar.com/cdn/shop/articles/IMG_1449.jpg?v=1673429985,https://i.ytimg.com/vi/5p7ToG4_Rz0/maxresdefault.jpg,https://i.ytimg.com/vi/kIRvGGD21Zw/maxresdefault.jpg,https://i.ytimg.com/vi/U2jY8l-6VOA/maxresdefault.jpg
Core,1,Ab Wheel Rollout,"Core, Rectus Abdominis, Transverse Abdominis, Obliques","A kneeling core exercise rolling a wheel forward and back, heavily challenging the abs and deep core stabilizers.","1. Kneel on the floor holding the ab wheel with both hands. 2. Brace your core and roll the wheel forward, extending your body. 3. Go as far as you can control without your hips sagging. 4. Pull back through your abs to return to start. Tip: Keep your back flat; stop the rollout before your lower back arches.",https://hctravisplace.com/wp-content/uploads/2020/10/abwheelrollout.jpg,https://yurielkaim.com/wp-content/uploads/2016/10/Ab-Wheel-Rollout-Demo.jpg,https://weighttraining.guide/wp-content/uploads/2016/10/wheel-rollout-resized.png,https://c8.alamy.com/comp/2WP71PF/concentrated-guy-performing-ab-wheel-rollout-exercise-in-gym-2WP71PF.jpg,https://www.alphafit.com.au/assets/images/AlphaFit-Ab-Wheels-3.jpg,https://www.eatthis.com/wp-content/uploads/sites/4/2023/08/ab-roll-out-exercise-roller-wheel.jpg?resize=244,https://i.ytimg.com/vi/9ZCoAbI7uX0/maxresdefault.jpg,https://static.strengthlevel.com/images/exercises/ab-wheel-rollout/ab-wheel-rollout-800.jpg,https://i.ytimg.com/vi/PK4n7qJpOhM/maxresdefault.jpg,https://weighttraining.guide/wp-content/uploads/2017/03/standing-wheel-rollout-resized.png
Core,2,Cable Crunch,"Core, Rectus Abdominis","A kneeling cable exercise crunching the torso downward against resistance, targeting the rectus abdominis.","1. Kneel below a high cable with a rope attachment, holding it by your head. 2. Keep your hips fixed in place. 3. Crunch your torso down, curling your spine toward your hips. 4. Slowly return to the start. Tip: Move from your abs, not your arms or hips, and keep the motion controlled.",https://rhinofit.ca/wp-content/uploads/2024/10/Core-Kneeling-Cable-Crunch-911x1024.png,https://training.fit/wp-content/uploads/2020/01/kabelzugcrunches.png,https://fitnessvolt.com/wp-content/uploads/2018/04/kneeling-cable-crunch-2.jpg,https://liftmanual.com/wp-content/uploads/2023/04/cable-seated-crunch.jpg,https://fitliferegime.com/wp-content/uploads/2022/03/Standing-Cable-Crunch.jpg,https://fitnessvolt.com/wp-content/uploads/2020/02/cable-crunches.jpg.webp,https://www.mensjournal.com/wp-content/uploads/2018/09/rdesd.jpg,https://www.fitliferegime.com/wp-content/uploads/2022/03/Seated-Cable-Crunch.jpg,https://fitnessvolt.com/wp-content/uploads/exercises/1080/cable-seated-crunch-0212.gif,https://www.exercises.com.au/wp-content/uploads/2015/12/Cable-crunches-1.png
Core,3,Cable Woodchop,"Core, Obliques, Rectus Abdominis","A rotational cable exercise pulling the handle diagonally across the body, training the obliques and rotational core strength.","1. Set the cable high or low and stand sideways to the machine. 2. Grip the handle with both hands. 3. Rotate your torso and pull the handle across your body. 4. Return with control and repeat, then switch sides. Tip: Rotate through your torso and hips, not just your arms.",https://weighttraining.guide/wp-content/uploads/2017/06/Cable-wood-chop-resized.png,https://static.strengthlevel.com/images/illustrations/cable-woodchopper-1000x1000.jpg,https://i.pinimg.com/736x/44/4e/d1/444ed15243f3f3f2ecfd7de36095932d--workout-ideas-workout-routines.jpg,https://www.mensjournal.com/.image/t_share/MTk2MTM3MzEyMzg4NjU0MjI1/cable-woodchop.jpg,https://www.verywellfit.com/thmb/kzdEn_acFtI7cr9TjAWXR__3B7o=/1500x0/filters:no_upscale():max_bytes(150000):strip_icc()/53-3498288-Cable-Woodchop-GIF-4071a44349374e3c97a3c31b83e8fa5a.gif,https://workoutlabs.com/fit/pin-ex/cache-png/3657-m.png,https://www.onlinepersonaltrainer.es/wp-content/uploads/2019/08/wood-chop-o-leñador-con-cable-1.jpg,https://s3.amazonaws.com/prod.skimble/assets/1080797/image_iphone.jpg,https://imagely.mirafit.co.uk/wp/wp-content/uploads/2025/01/half-kneeling-wood-chop-with-a-Mirafit-Pillar-Cable-Attachment.jpg,https://wehco.media.clients.ellingtoncms.com/imports/adg/photos/210658159_Cable-Woodchop-2_t800.jpg?90232451fbcadccc64a17de7521d859a8f88077d
Core,4,Dead Bug,"Core, Transverse Abdominis, Rectus Abdominis, Obliques","A slow floor exercise moving opposite arm and leg while lying on your back, training core stability and coordination.",1. Lie on your back with arms reaching up and knees bent at 90 degrees. 2. Brace your core to flatten your lower back into the floor. 3. Slowly extend one arm overhead and the opposite leg out straight. 4. Return and repeat on the other side. Tip: Keep your lower back pressed to the floor the entire time; stop the range if it lifts.,https://www.eatthis.com/wp-content/uploads/sites/4/2023/03/dead-bug-abs-exercise.jpg?resize=684,"https://www.mensjournal.com/.image/w_3840,q_auto:good,c_fill,ar_16:9/NDI6MDAwMDAwMDAwOTg2OTk0/dead-bug-header.jpg?arena_f_auto",https://www.nourishmovelove.com/wp-content/uploads/2022/10/dead-bug-exercise-dumbbell-2048x1365.jpg,https://media1.popsugar-assets.com/files/thumbor/pc2qDAk8r1-ESKku_51OBJ-Fp4Q/fit-in/2048xorig/filters:format_auto-!!-:strip_icc-!!-/2023/10/27/893/n/1922729/tmp_yAcO7R_46da9e725f005635_PS23_Fitness_Workout_15_Move_08_Dead_Bug_V2-still.jpg,"https://static.wixstatic.com/media/2edbed_1b72e8a640234a1c880144620557ecd6~mv2.jpg/v1/fill/w_980,h_551,al_c,q_85,usm_0.66_1.00_0.01,enc_avif,quality_auto/2edbed_1b72e8a640234a1c880144620557ecd6~mv2.jpg","https://hips.hearstapps.com/hmg-prod/images/10-minute-core-workout-dead-bug-variation-640b53ca97f74.jpeg?crop=0.733xw:0.867xh;0.211xw,0.0846xh&resize=980:*","https://static.nike.com/a/images/f_auto/dpr_1.0,cs_srgb/h_1616,c_limit/09bbf0a6-e1c2-4cae-b22c-c2e55879cae5/the-benefits-of-the-dead-bug-exercise-according-to-experts.jpg",https://www.nourishmovelove.com/wp-content/uploads/2022/10/dead-bug-exercise-with-no-weights-683x1024.jpg,https://www.shape.com/thmb/sv18658_3QYmQiHjrZj0bP7z4qA=/1500x0/filters:no_upscale():max_bytes(150000):strip_icc():gifv()/Dead-Bug-Exercise-Courtesy-of-Bicycling-Magazine-761a9ad99cb1423884858cbae58896d7.jpg,https://www.nourishmovelove.com/wp-content/uploads/2022/10/dead-bug-exercise-standard-1536x1024.jpg
Core,5,Hanging Knee Raise,"Core, Rectus Abdominis, Hip Flexors","A hanging exercise lifting bent knees toward the chest, targeting the lower abs and hip flexors.",1. Hang from a pull-up bar with arms straight. 2. Brace your core to stop swinging. 3. Raise your knees up toward your chest. 4. Lower with control back to the start. Tip: Avoid swinging; use your abs to initiate the movement rather than momentum.,https://fitliferegime.com/wp-content/uploads/2021/07/Hanging-Knee-Raise.jpg,https://cdn.shopify.com/s/files/1/1497/9682/files/Hanging_Knee_Raises.jpg,https://liftmanual.com/wp-content/uploads/2023/04/hanging-oblique-knee-raise.jpg,https://i.ytimg.com/vi/7rWHfNTmEuo/maxresdefault.jpg,https://cdn.shopify.com/s/files/1/1497/9682/files/2_0b302a30-222b-40f8-9284-f0cf623965c9.jpg?v=1648898308,https://superhumanfitness.com/wp-content/uploads/2020/09/Hanging-Knee-Raise.jpg,https://app-media.fitbod.me/v2/172/images/landscape/0_960x540.jpg,https://fitwill.app/api/image/0010?p=1&w=1920&h=1080,https://hips.hearstapps.com/hmg-prod/images/hanging-leg-raises-667440e0e8d2b.jpg,https://thumbs.dreamstime.com/z/man-doing-hanging-leg-raises-side-view-abdominals-exercise-man-doing-hanging-leg-raises-side-view-abdominals-exercise-flat-vector-286398557.jpg
Core,6,Hanging Leg Raise,"Core, Rectus Abdominis, Hip Flexors, Lower Abs","A hanging exercise lifting straight legs upward, strongly targeting the lower abs and hip flexors.",1. Hang from a pull-up bar with arms straight and legs extended. 2. Brace your core to stop swinging. 3. Raise your straight legs up toward hip height or higher. 4. Lower with control back to the start. Tip: Keep the movement slow and controlled to avoid swinging on the bar.,https://weighttraining.guide/wp-content/uploads/2019/05/Hanging-leg-raise-resized.png,https://weighttraining.guide/wp-content/uploads/2021/04/V2F-Weighted-hanging-leg-and-hip-raise.png,https://lifefitindia.com/wp-content/uploads/2025/07/hanging-leg-raise.jpg,https://weighttraining.guide/wp-content/uploads/2016/06/hanging-straight-leg-hip-raise-resized.png,https://workoutguru.fit/wp-content/uploads/2023/10/hanging-straight-leg-raise-female-video-exercise-guide-tips.jpg,https://static.strengthlevel.com/images/exercises/hanging-leg-raise/hanging-leg-raise-800.jpg,https://hips.hearstapps.com/hmg-prod/images/hanging-leg-raise-1600785867.jpg?resize=980:*,https://fitwill.app/api/image/2886?p=1&w=1920&h=1080,"https://hips.hearstapps.com/hmg-prod/images/woman-hanging-on-wall-bars-performing-legs-raises-royalty-free-image-1668702652.jpg?crop=0.668xw:1.00xh;0.296xw,0&resize=980:*",https://www.verywellfit.com/thmb/XN6E0jUTKdRRnFylqRHV0vIVau8=/1732x1732/filters:no_upscale():max_bytes(150000):strip_icc()/GettyImages-1060749036-5c6e93efc9e77c00016930d1.jpg
Core,7,Pallof Press,"Core, Transverse Abdominis, Obliques","An anti-rotation cable exercise pressing a handle straight out from the chest, training core stability against rotation.","1. Stand sideways to a cable machine, handle held at your chest. 2. Brace your core to resist the pull toward the machine. 3. Press the handle straight out in front of you. 4. Return with control back to your chest. Tip: Keep your hips and shoulders square; don't let the cable twist your torso.",https://bod-blog-assets.prod.cd.beachbodyondemand.com/bod-blog/wp-content/uploads/2022/08/14133329/pallof-press-600-pin.png,https://weighttraining.guide/wp-content/uploads/2018/01/Cable-horizontal-Pallof-Press-2-resized.png,https://www.eatthis.com/wp-content/uploads/sites/4/2022/12/pallof-press.jpg?quality=82&strip=all&w=640,https://bulkandstrength.com/wp-content/uploads/2025/06/pallof-press-exercise-1.webp,"https://www.mensfitness.com/.image/w_3840,q_auto:good,c_limit/MTk2MTM2MTAzODkyNDI3OTIx/badass-band-workout-pallof-press.jpg",https://i.pinimg.com/originals/f5/82/e1/f582e1502451c336243e5a4dbf6e7c44.jpg,https://i.pinimg.com/originals/e5/61/1f/e5611f2720867fd05cd7adb8a058ab5d.jpg,https://workoutguru.fit/wp-content/uploads/2023/10/band-horizontal-pallof-press-video-exercise-guide-tips-1536x864.jpg,https://i.pinimg.com/originals/7a/8f/68/7a8f68d3163bb5a3b58c88a73d69eb9c.jpg,https://breakingmuscle.com/wp-content/uploads/2023/02/How-to-Do-the-Pallof-Press.jpg
Core,8,Plank,"Core, Transverse Abdominis, Rectus Abdominis, Obliques",A static hold on forearms and toes that builds isometric strength and endurance in the core and shoulders.,"1. Rest on your forearms and toes, elbows under shoulders. 2. Keep your body in a straight line from head to heels. 3. Brace your core and squeeze your glutes. 4. Hold the position for the target time while breathing steadily. Tip: Don't let your hips sag or pike up; keep the line straight.",https://www.shape.com/thmb/T2GyvzFah3XYR8_L8W16ANWBTXs=/1500x0/filters:no_upscale():max_bytes(150000):strip_icc()/low-plank-hold-b8a63da1ef844f00b6f6a21141ba1d87.jpg,https://wellfitinsider.com/wp-content/uploads/2025/11/What-Are-Plank-Exercises-1024x683.jpg,https://static.vecteezy.com/system/resources/previews/013/787/937/original/6-plank-exercises-set-to-do-at-home-woman-doing-exercises-doing-plank-the-plank-is-an-excellent-abdominal-and-core-exercise-isolated-illustration-in-cartoon-style-free-vector.jpg,https://blog.paleohacks.com/wp-content/uploads/2015/06/10_Different_Plank.jpg,https://www.shape.com/thmb/i3tgB5V-vts89WQ0ZzDRB2WUNEM=/1500x0/filters:no_upscale():max_bytes(200000):strip_icc()/30-Day-Plank-Challenge-Stocksy_txp37c4682fMZb300_Medium_3751574-8471c02a2c6f4d959de0e4fc3487238b.jpg,https://redefiningstrength.com/wp-content/uploads/2014/11/plank-variations.jpg,https://i.pinimg.com/originals/43/c1/a4/43c1a46d972775eb6e3d68d5b3c373b9.jpg,https://redefiningstrength.com/wp-content/uploads/2015/03/plank-variations.jpg,https://www.fastrunning.com/wp-content/uploads/2017/08/pose.jpg,https://www.eatthis.com/wp-content/uploads/sites/4/2023/02/plank-arm-reach.jpg?resize=684
Core,9,Reverse Crunches,"Core, Rectus Abdominis","A floor exercise curling the hips and knees up toward the chest, emphasizing the lower rectus abdominis.","1. Lie on your back with knees bent and feet off the floor. 2. Keep your arms flat by your sides for support. 3. Curl your hips up, bringing your knees toward your chest. 4. Lower with control without letting feet touch down. Tip: Use your abs to curl the hips, not momentum from swinging the legs.",https://fitnessvolt.com/wp-content/uploads/2019/04/reverse-crunch.jpg,https://www.shutterstock.com/shutterstock/photos/2232519603/display_1500/stock-vector-reverse-crunch-exercise-woman-workout-fitness-aerobic-and-exercises-2232519603.jpg,https://fitliferegime.com/wp-content/uploads/2021/07/Incline-Leg-Raise.jpg,https://liftmanual.com/wp-content/uploads/2023/04/reverse-crunch-kick.jpg,https://www.verywellfit.com/thmb/u13qQC8BOnefPyXsoxcU2cUEigc=/1500x0/filters:no_upscale():max_bytes(150000):strip_icc()/Fitness_Gif-1500x1000_reverse-crunch-5939a6933df78c537ba31620.gif,https://www.eatthis.com/wp-content/uploads/sites/4/2022/07/reverse-crunches.jpg?resize=150,https://www.shutterstock.com/shutterstock/photos/1981554002/display_1500/stock-photo-power-training-at-home-fit-woman-doing-reverse-crunches-exercises-to-strengthen-her-abdomen-and-1981554002.jpg,https://hips.hearstapps.com/hmg-prod/images/workouts/2016/08/crunchreversecrunchppt-1472137016.gif,https://i.ytimg.com/vi/fjGWX1K079g/maxresdefault.jpg,https://www.spotebi.com/wp-content/uploads/2014/10/reverse-crunches-exercise-illustration.jpg
Core,10,Russian Twist,"Core, Obliques","A seated rotational exercise twisting the torso side to side, targeting the obliques and rotational core strength.","1. Sit with knees bent, leaning back slightly, feet lifted or on the floor. 2. Hold your hands together or a weight in front of your chest. 3. Rotate your torso to tap the floor on one side. 4. Rotate to the other side and repeat. Tip: Move slowly and control the rotation; don't just swing your arms.",https://i.pinimg.com/originals/70/c2/65/70c2652a92ba946bc6a37f13563fda03.jpg,https://www.anterides.com/UserFiles/images/exercises/square-unannotated/3-Russian-Twist-TABLET-F.png,https://www.eatthis.com/wp-content/uploads/sites/4/2023/03/russian-twist.jpg?resize=343,https://media1.popsugar-assets.com/files/thumbor/nT7nNaL82QUSiP7rvZg68oA-FlQ/fit-in/1024x1024/filters:format_auto-!!-:strip_icc-!!-/2017/08/25/861/n/40863086/d9f8993c2cbd8cc4_45429147abe1ea26d53f90ba47be0f390/i/Advanced-Russian-Twist-Weight.jpg,https://i.pinimg.com/originals/fb/cc/d1/fbccd11ea6d10d6a07e25109ce25d339.jpg,https://www.spotebi.com/wp-content/uploads/2015/04/russian-twist-exercise-illustration.jpg,https://img.freepik.com/premium-vector/russian-twist-exercise-woman-workout-fitness-aerobic-exercises_476141-1155.jpg?w=2000,https://fitnessvolt.com/wp-content/uploads/2018/04/weighted-russian-twist.jpg,https://media1.popsugar-assets.com/files/thumbor/iHRY_G5qQ0WF5L0zEdUfG7A7WWo/fit-in/1024x1024/filters:format_auto-!!-:strip_icc-!!-/2015/08/24/876/n/1922729/9550fdc8_Seated-Russian-Twist/i/Beginning-Seated-Russian-Twist.jpg,https://www.shutterstock.com/shutterstock/photos/1316827436/display_1500/stock-vector-woman-doing-russian-twist-exercise-in-step-guide-on-mat-illustration-about-workout-for-flat-1316827436.jpg
Core,11,Side Plank,"Core, Obliques, Transverse Abdominis","A static hold on one forearm and the side of the foot that builds lateral core strength, especially the obliques.","1. Lie on your side, propped on one forearm, elbow under your shoulder. 2. Stack your feet and lift your hips off the floor. 3. Keep your body in a straight line from head to feet. 4. Hold the position, then repeat on the other side. Tip: Don't let your hips drop; keep them lifted and in line with your shoulders.",https://liftmanual.com/wp-content/uploads/2023/04/side-plank.jpg,https://i.pinimg.com/originals/fe/ca/e0/fecae0eb21aa2dce2251dd53d770b975.jpg,https://www.shape.com/thmb/8G-XYinqVEyuaKsj_K03OQINlI4=/1500x0/filters:no_upscale():max_bytes(150000):strip_icc()/SHP_MTM_Glute-Bridge_3x2-1b81b87bee1f4deeb886600a44e5b2f8.jpg,https://weighttraining.guide/wp-content/uploads/2023/03/High-side-plank.png,https://athleanx.com/wp-content/uploads/2024/07/SIDE-PLANKS.jpg,https://www.shutterstock.com/shutterstock/photos/1334299427/display_1500/stock-vector-woman-doing-side-plank-hip-abduction-exercise-guide-in-step-illustration-about-side-abdominal-1334299427.jpg,https://liftmanual.com/wp-content/uploads/2023/04/side-plank-pull.jpg,https://liftmanual.com/wp-content/uploads/2023/04/bent-knee-side-plank.jpg,https://media1.popsugar-assets.com/files/thumbor/7RRckT--QnxiSJaQYfVYUzrG-7M/fit-in/2048xorig/filters:format_auto-!!-:strip_icc-!!-/2015/05/27/237/n/1922729/1bde2888_side-plank/i/Core-Side-Plank.jpg,https://liftmanual.com/wp-content/uploads/2023/04/side-plank-leg-lift.jpg
Core,12,Sit-Up,"Core, Rectus Abdominis, Hip Flexors","A classic floor exercise raising the torso fully upright from lying down, training the abs and hip flexors.","1. Lie on your back with knees bent and feet flat, hands lightly behind your head or crossed on chest. 2. Brace your core. 3. Curl and lift your torso all the way up toward your knees. 4. Lower with control back to the floor. Tip: Avoid yanking your neck with your hands; let your abs do the lifting.",https://weighttraining.guide/wp-content/uploads/2021/04/V2F-Sit-up.png,https://www.eatthis.com/wp-content/uploads/sites/4/2023/09/sit-ups-1.jpeg?resize=272,https://hips.hearstapps.com/hmg-prod/images/shot-of-a-young-man-completing-crunches-royalty-free-image-1678721163.jpg,https://redefiningstrength.com/wp-content/uploads/2015/12/sit-ups-and-crunches.jpg,https://hips.hearstapps.com/hmg-prod/images/v-up-6400d84a164ec.jpg?resize=980:*,https://liftmanual.com/wp-content/uploads/2023/04/janda-sit-up.jpg,https://www.wikihow.com/images/a/a4/Do-Sit-Ups-Step-6-Version-7.jpg,https://cdn.mos.cms.futurecdn.net/GQLXAVbvyTDTEBbuNgmSBJ.jpg,https://thumbs.dreamstime.com/z/man-doing-sit-ups-exercise-abdominals-exercise-flat-vector-illustration-man-doing-sit-ups-exercise-abdominals-exercise-flat-vector-201076158.jpg,https://images.healthshots.com/healthshots/en/uploads/2022/10/27130441/sit-ups-vs-crunches.jpg
Core,13,Standard Crunch,"Core, Rectus Abdominis","A basic floor exercise curling the shoulders off the ground, isolating the upper rectus abdominis.","1. Lie on your back with knees bent and feet flat. 2. Place hands lightly behind your head or crossed on your chest. 3. Curl your shoulders up off the floor, contracting your abs. 4. Lower with control back down. Tip: Keep your lower back on the floor and avoid pulling on your neck.",https://weighttraining.guide/wp-content/uploads/2016/05/Crunch-resized.png,https://www.spotebi.com/wp-content/uploads/2014/10/crunches-exercise-illustration.jpg,https://static.strengthlevel.com/images/illustrations/crunches-1000x1000.jpg,https://media1.popsugar-assets.com/files/thumbor/YlYjTu2jSToL7K0aTF6075dZ1bM/fit-in/2048xorig/filters:format_auto-!!-:strip_icc-!!-/2015/08/24/878/n/1922729/2fd430409307f836_Crunch/i/Basic-Crunch.jpg,https://training.fit/wp-content/uploads/2019/08/crunches-liegend.png,https://i.ytimg.com/vi/sEsbN8l920Y/maxresdefault.jpg,https://www.yourhealthorbit.in/wp-content/uploads/2017/09/How-To-Do-Abdominal-Crunches.jpg,https://i.ytimg.com/vi/Xyd_fa5zoEU/maxresdefault.jpg,https://static.strengthlevel.com/images/open-graph/strength-standards/crunches-standards-1200x630.jpg,https://i.pinimg.com/originals/23/fa/94/23fa94f57e3dfc94002dfbd482b4f921.jpg
Core,14,V-Up,"Core, Rectus Abdominis, Hip Flexors","A floor exercise simultaneously raising the torso and legs to form a V shape, working the entire rectus abdominis and hip flexors.","1. Lie flat on your back with arms extended overhead and legs straight. 2. Brace your core. 3. Simultaneously lift your torso and legs, reaching hands toward your toes. 4. Lower with control back to the start. Tip: Keep your legs and arms straight throughout to maximize the range of motion.",https://www.crossfit.com/wp-content/uploads/2019/07/10131951/VuPKellyJackson.png,https://weighttraining.guide/wp-content/uploads/2016/11/v-up-resized.png,https://static.vecteezy.com/system/resources/previews/027/688/712/original/man-doing-v-up-bodyweight-fitness-abs-and-core-workout-exercise-an-educational-illustration-on-a-white-background-vector.jpg,https://gethealthyu.com/wp-content/uploads/2014/08/V-Up_Exercise.jpg,https://julielohre.com/wp-content/uploads/2023/02/V-Up-Exercise-1200x675.jpg,https://i.ytimg.com/vi/c_Q_XulHbms/maxresdefault.jpg,https://bod-blog-assets.prod.cd.beachbodyondemand.com/bod-blog/wp-content/uploads/2017/09/Best-Ab-Exercises-Alternating-V-Up.jpg,https://s-media-cache-ak0.pinimg.com/originals/e9/a3/a5/e9a3a5abcdddd833808e1b404fc4010b.jpg,https://fitnessvolt.com/wp-content/uploads/2018/04/V-Ups-Exercises-Guide.jpg,https://liftmanual.com/wp-content/uploads/2023/04/v-up-1024x538.jpg
